insert into users (id, first_name, last_name, email, phone, password_hash, created_at) values (1, 'Doralynn', 'Elis', 'delis0@alexa.com', '89962581478', '39b8e66a40a25552c3363b4546fac2cba9cb78e2', '2019-07-09 12:23:12');
insert into users (id, first_name, last_name, email, phone, password_hash, created_at) values (2, 'Dory', 'Aronovich', 'daronovich1@independent.co.uk', '84418536669', 'e962a4b905f6bc0a3336b93640bac4b33129260e', '2019-12-26 14:12:23');
insert into users (id, first_name, last_name, email, phone, password_hash, created_at) values (3, 'Roshelle', 'Aggett', 'raggett2@forbes.com', '85636560674', 'e35bdf8cc47c09e221fb220aa2ebf70cada26f66', '2019-12-19 15:21:23');
insert into users (id, first_name, last_name, email, phone, password_hash, created_at) values (4, 'Betsy', 'Osman', 'bosman3@google.pl', '89955231251', '5e4338f2dda8aa9299649af9e6f8c5fb50330514', '2019-12-10 14:31:04');
insert into users (id, first_name, last_name, email, phone, password_hash, created_at) values (5, 'Rudolph', 'Szapiro', 'rszapiro4@ucoz.ru', '89676691221', '844fc26722a056c8786f3b168ec5379238d095d8', '2020-06-29 23:43:41');
insert into users (id, first_name, last_name, email, phone, password_hash, created_at) values (6, 'Con', 'Hammerberger', 'chammerberger5@independent.co.uk', '86062449912', 'bb9a216df02aafd6f65df693fcee01195c4dd6b9', '2020-09-12 09:02:40');
insert into users (id, first_name, last_name, email, phone, password_hash, created_at) values (7, 'Carley', 'Westnage', 'cwestnage6@cbsnews.com', '89442020660', '6cc083501e7277363c1700bca06b287988cb1422', '2019-12-26 12:50:51');
insert into users (id, first_name, last_name, email, phone, password_hash, created_at) values (8, 'Leona', 'Seifert', 'lseifert7@abc.net.au', '89055947582', '6316e622bc2e60f122a5ce36d881ccabdc54f5e1', '2019-04-11 03:15:54');
insert into users (id, first_name, last_name, email, phone, password_hash, created_at) values (9, 'Vanya', 'McGarva', 'vmcgarva8@dyndns.org', '84765381422', 'd4081cf6a1a919a787ed74eb1cadd65255214505', '2019-06-19 12:25:46');
insert into users (id, first_name, last_name, email, phone, password_hash, created_at) values (10, 'Blakeley', 'Brotherhood', 'bbrotherhood9@marketwatch.com', '82232341786', '3eb6c4963be20f45c59aab0b49278841bfaede11', '2021-04-27 16:22:09');
insert into users (id, first_name, last_name, email, phone, password_hash, created_at) values (11, 'Tracey', 'Pizzie', 'tpizziea@senate.gov', '89609907658', '0acc3d2c41cee3ab7a31650297e52e73e8363aa0', '2021-04-17 09:27:23');
insert into users (id, first_name, last_name, email, phone, password_hash, created_at) values (12, 'Karena', 'Napthine', 'knapthineb@chron.com', '86521330631', '0bcbbd22ea92b8d895cdf52331c87e0dd80da1c3', '2021-04-06 14:47:21');
insert into users (id, first_name, last_name, email, phone, password_hash, created_at) values (13, 'Roseanna', 'Strange', 'rstrangec@sphinn.com', '81954201383', 'faaf528c894b894e301d080e8c54f3a680fce4a4', '2021-04-18 10:20:06');
insert into users (id, first_name, last_name, email, phone, password_hash, created_at) values (14, 'Davide', 'Finan', 'dfinand@reverbnation.com', '88789091659', '5a45a4b136b80bde172c4c6558fc1baad14938b6', '2019-11-15 09:37:33');
insert into users (id, first_name, last_name, email, phone, password_hash, created_at) values (15, 'Devy', 'Count', 'dcounte@apple.com', '85584259531', 'fdab4a380bb219b5873da266b604b39d4b6c194b', '2019-12-02 02:15:42');
insert into users (id, first_name, last_name, email, phone, password_hash, created_at) values (16, 'Drucie', 'Sponton', 'dspontonf@mapy.cz', '85461272283', '496e49c7b15c7d5eb8a46f38b219a3e67fe3c13c', '2020-07-15 15:13:36');
insert into users (id, first_name, last_name, email, phone, password_hash, created_at) values (17, 'Gloriana', 'Morten', 'gmorteng@wordpress.org', '88176827139', '97f938d62d88e5d3e93f7ff1627825d3a6fab8d1', '2020-12-24 08:43:07');
insert into users (id, first_name, last_name, email, phone, password_hash, created_at) values (18, 'Aimee', 'Kunkel', 'akunkelh@reference.com', '88055165789', '963445687c4497d7ec39fcdf4b64e784891c9a72', '2020-10-24 20:08:03');
insert into users (id, first_name, last_name, email, phone, password_hash, created_at) values (19, 'Vasily', 'Paddeley', 'vpaddeleyi@sohu.com', '82052272092', '7175a917e492f2eb5844aec0da17554286c9f076', '2020-07-01 10:48:50');
insert into users (id, first_name, last_name, email, phone, password_hash, created_at) values (20, 'Shanon', 'Rozanski', 'srozanskij@examiner.com', '86004237700', 'f5edc884096e108000a627acb4cc65f8b758dfb8', '2021-02-22 18:00:07');
insert into users (id, first_name, last_name, email, phone, password_hash, created_at) values (21, 'Izzy', 'Eddowes', 'ieddowesk@hexun.com', '85415342739', 'a1110cf78d0b836c95de666d699ab89734b03729', '2020-03-07 23:35:19');
insert into users (id, first_name, last_name, email, phone, password_hash, created_at) values (22, 'Gearard', 'Tarbet', 'gtarbetl@mapquest.com', '81256480344', '0d839cac2424b854eee11e741eb714635c3624b2', '2019-07-21 03:55:22');
insert into users (id, first_name, last_name, email, phone, password_hash, created_at) values (23, 'Foss', 'Beakes', 'fbeakesm@wunderground.com', '81802765382', 'de2937d619045b6926a96efcbfb5c070fa90f05e', '2019-11-03 18:51:41');
insert into users (id, first_name, last_name, email, phone, password_hash, created_at) values (24, 'Cullan', 'Le Provost', 'cleprovostn@cbslocal.com', '87962354638', '9df71b41aad0342315e9e3ac452d225696276ffa', '2020-02-10 14:06:03');
insert into users (id, first_name, last_name, email, phone, password_hash, created_at) values (25, 'Lem', 'Lawtey', 'llawteyo@archive.org', '85933876454', '718bf255a6ae0b43983f265a67c5e2895a955dc7', '2020-09-06 10:35:41');
insert into users (id, first_name, last_name, email, phone, password_hash, created_at) values (26, 'Dena', 'Bridgett', 'dbridgettp@github.com', '82712181589', '7656a05487bb3b4a3b2f129d29f427892c429ac5', '2019-07-25 21:27:38');
insert into users (id, first_name, last_name, email, phone, password_hash, created_at) values (27, 'Horten', 'Bladen', 'hbladenq@exblog.jp', '89109242393', '5a3b9339bf05fdeca461a4f4764083da16a3c094', '2020-11-09 09:41:52');
insert into users (id, first_name, last_name, email, phone, password_hash, created_at) values (28, 'Glen', 'Addison', 'gaddisonr@scientificamerican.com', '84126735985', '4295220b978e4d848373eb03c1decfa6652c517f', '2021-01-20 08:13:13');
insert into users (id, first_name, last_name, email, phone, password_hash, created_at) values (29, 'Franz', 'Haggerston', 'fhaggerstons@a8.net', '85903969261', '5faf033868a32cb562cf6f27dcaa9227e31ba144', '2020-11-25 00:48:56');
insert into users (id, first_name, last_name, email, phone, password_hash, created_at) values (30, 'Damiano', 'Pechold', 'dpecholdt@yahoo.com', '87423992405', '7bfae912ca220bab9bbfdd4b96a80ed7706d9fcb', '2020-11-09 10:16:05');
insert into users (id, first_name, last_name, email, phone, password_hash, created_at) values (31, 'Shell', 'Swinden', 'sswindenu@addthis.com', '82753094100', '7463846ab52942b277590802f4daabf435814c58', '2020-12-26 00:00:28');
insert into users (id, first_name, last_name, email, phone, password_hash, created_at) values (32, 'Gardiner', 'Bezemer', 'gbezemerv@last.fm', '87711746220', '04cac8ea3c52a3a2eda90c7df8339f458fff9258', '2019-08-21 16:54:42');
insert into users (id, first_name, last_name, email, phone, password_hash, created_at) values (33, 'Adelaide', 'McKay', 'amckayw@paginegialle.it', '85759224443', 'bc96400daf330e399e8a2088ea27ea851b3b409b', '2020-11-07 02:25:38');
insert into users (id, first_name, last_name, email, phone, password_hash, created_at) values (34, 'Myrtice', 'Adolfson', 'madolfsonx@boston.com', '82899484632', '126073ef98d9ea94f2a06258cf9a01e3b7d6ea12', '2021-05-26 04:07:11');
insert into users (id, first_name, last_name, email, phone, password_hash, created_at) values (35, 'Homerus', 'Northway', 'hnorthwayy@merriam-webster.com', '86766352922', '7afcfedf71bd4893fcdbdc03c8b3433dd2f7b961', '2020-03-01 10:26:20');
insert into users (id, first_name, last_name, email, phone, password_hash, created_at) values (36, 'Giorgi', 'Jendrich', 'gjendrichz@seesaa.net', '81646369601', 'b0a8051a736f60f08709e705ca106e5338495b49', '2020-02-23 16:23:43');
insert into users (id, first_name, last_name, email, phone, password_hash, created_at) values (37, 'Erica', 'Collinette', 'ecollinette10@google.it', '83951128933', '75a36f481f65abf7f0f153f976fb5360613a0c5e', '2019-12-29 13:38:06');
insert into users (id, first_name, last_name, email, phone, password_hash, created_at) values (38, 'Billie', 'Garrioch', 'bgarrioch11@dmoz.org', '83181944485', 'deec883eeeeb540a03b1c35cd7f9721a84b5e62f', '2020-08-25 07:34:12');
insert into users (id, first_name, last_name, email, phone, password_hash, created_at) values (39, 'Misty', 'Pottie', 'mpottie12@imageshack.us', '83593832016', '8213115a079678b564f394e6f42846ea37e08cb0', '2021-03-10 16:40:56');
insert into users (id, first_name, last_name, email, phone, password_hash, created_at) values (40, 'Damien', 'Goulborn', 'dgoulborn13@fda.gov', '85651582126', '28085ad34776d436cef5e7ddd2f74c5889e1cd37', '2019-11-19 08:55:37');
insert into users (id, first_name, last_name, email, phone, password_hash, created_at) values (41, 'Nevil', 'Arbuckel', 'narbuckel14@vk.com', '87198262255', '9e7c6be4af81b226d294c37210925dd670dbe743', '2019-12-19 08:27:30');
insert into users (id, first_name, last_name, email, phone, password_hash, created_at) values (42, 'Tailor', 'Cadell', 'tcadell15@gravatar.com', '88241189033', 'd80aad8d3e345f805ddf8c8e050cc8e9868b0083', '2019-08-22 23:12:26');
insert into users (id, first_name, last_name, email, phone, password_hash, created_at) values (43, 'Eleen', 'Darragh', 'edarragh16@jigsy.com', '84925771741', '462547ccfeeb28a7795635ee3cb473bfa25b199f', '2021-01-03 03:55:49');
insert into users (id, first_name, last_name, email, phone, password_hash, created_at) values (44, 'Marissa', 'Coghill', 'mcoghill17@ocn.ne.jp', '86802383934', '523c88f841cf3acd5c2f12393be77fae580965c8', '2020-02-25 13:10:09');
insert into users (id, first_name, last_name, email, phone, password_hash, created_at) values (45, 'Odella', 'Rawdall', 'orawdall18@jimdo.com', '82923928956', '6536bc5b39595ee008855b40c46ad26b6e806aff', '2020-06-06 04:41:33');
insert into users (id, first_name, last_name, email, phone, password_hash, created_at) values (46, 'Harlie', 'Axelby', 'haxelby19@1688.com', '86728314521', '0c9fd2198e0888b545fa304ca0572e72f7a292a2', '2020-06-10 23:53:50');
insert into users (id, first_name, last_name, email, phone, password_hash, created_at) values (47, 'Devland', 'Lorman', 'dlorman1a@networksolutions.com', '88255450100', '32ee0561210fc272abea6c98e0b4ebfb8149e156', '2020-01-18 18:10:27');
insert into users (id, first_name, last_name, email, phone, password_hash, created_at) values (48, 'Hedda', 'Monsey', 'hmonsey1b@t-online.de', '87647851706', 'fc8c0518e7f0101a95c4de8ab03f3c9b831d794c', '2020-06-08 04:37:31');
insert into users (id, first_name, last_name, email, phone, password_hash, created_at) values (49, 'Hamnet', 'Custy', 'hcusty1c@prnewswire.com', '89193535642', '9fc6c0c4159b6a11dfcbcc6e785cd046e1b3d3ee', '2019-08-12 02:16:25');
insert into users (id, first_name, last_name, email, phone, password_hash, created_at) values (50, 'Lizzy', 'Kidd', 'lkidd1d@oakley.com', '89538231629', 'ba4753bd2c1b8d78f2a949e9188b4c6d93a7be7a', '2020-09-08 08:26:07');
insert into users (id, first_name, last_name, email, phone, password_hash, created_at) values (51, 'Carolann', 'Laybourne', 'claybourne1e@amazonaws.com', '89973844633', '203259159195195ad423e0c10338335b5e4f3907', '2019-10-10 03:55:10');
insert into users (id, first_name, last_name, email, phone, password_hash, created_at) values (52, 'Delinda', 'Lucken', 'dlucken1f@addthis.com', '85119459477', '3c8f191578b6ffadc82b65c6d0aead22b9dc9093', '2019-05-15 23:51:34');
insert into users (id, first_name, last_name, email, phone, password_hash, created_at) values (53, 'Georgia', 'Wilfling', 'gwilfling1g@google.it', '86744560442', '830df94125aa7a98848a51f27f26741fe49faef7', '2020-10-10 15:37:57');
insert into users (id, first_name, last_name, email, phone, password_hash, created_at) values (54, 'Schuyler', 'Bessom', 'sbessom1h@usnews.com', '83578501201', 'e58bd11f46f805cb5c229f8925f40d2fcd73b4fb', '2021-06-01 23:18:02');
insert into users (id, first_name, last_name, email, phone, password_hash, created_at) values (55, 'Ellwood', 'Swindin', 'eswindin1i@ft.com', '84777516461', '378459e88b8def8d485d55b4aff0ace09b0dc854', '2019-05-21 17:31:15');
insert into users (id, first_name, last_name, email, phone, password_hash, created_at) values (56, 'Gradeigh', 'BoHlingolsen', 'gbohlingolsen1j@thetimes.co.uk', '84217378784', 'b8542ff64663a78ccb85ae7ecd520aab76e482ba', '2021-03-14 11:45:17');
insert into users (id, first_name, last_name, email, phone, password_hash, created_at) values (57, 'Correy', 'Preddy', 'cpreddy1k@hao123.com', '82121848285', '56a7c8ae04c3f8127385d66897fe15f433002366', '2020-10-06 16:05:52');
insert into users (id, first_name, last_name, email, phone, password_hash, created_at) values (58, 'Bernhard', 'Chataignier', 'bchataignier1l@amazon.co.jp', '81689447539', '485db6b0ab6c0985e4ac1952491fd37958ee0ac1', '2019-05-10 04:02:23');
insert into users (id, first_name, last_name, email, phone, password_hash, created_at) values (59, 'Iosep', 'Durdan', 'idurdan1m@nasa.gov', '89202750075', 'b06957374aef09e7e719fcbe57b6a5194f680d6d', '2019-09-06 12:32:57');
insert into users (id, first_name, last_name, email, phone, password_hash, created_at) values (60, 'Ardelia', 'Leversha', 'aleversha1n@amazon.de', '82789287608', 'fbc743f7b0e045fa75e2155382be7f26479304e6', '2020-07-21 03:18:59');
insert into users (id, first_name, last_name, email, phone, password_hash, created_at) values (61, 'Pablo', 'Fairbourn', 'pfairbourn1o@aol.com', '81955199205', '4357882b9a840afab8722db24a917ad38d3172b5', '2021-06-10 09:13:32');
insert into users (id, first_name, last_name, email, phone, password_hash, created_at) values (62, 'Dan', 'Oyley', 'doyley1p@whitehouse.gov', '86164057523', '341a89dd9a0d8e393694d988d20801b89b0b3aaf', '2021-07-03 02:15:32');
insert into users (id, first_name, last_name, email, phone, password_hash, created_at) values (63, 'Valentine', 'Fleming', 'vfleming1q@deviantart.com', '84998033804', 'a9c2ecbf4cff9cb3c2e50f773358cb7bd995f8b6', '2020-11-06 14:02:15');
insert into users (id, first_name, last_name, email, phone, password_hash, created_at) values (64, 'Rob', 'Libreros', 'rlibreros1r@privacy.gov.au', '87553407101', '8c5c9342ad81de9b104045d9621eb2d6e45800bf', '2020-03-29 11:44:50');
insert into users (id, first_name, last_name, email, phone, password_hash, created_at) values (65, 'Gigi', 'Bolderoe', 'gbolderoe1s@icio.us', '88364890595', 'b8aa4d051e5804cd3f6b9231df2d719c4f04c8eb', '2020-02-13 01:20:58');
insert into users (id, first_name, last_name, email, phone, password_hash, created_at) values (66, 'Torrance', 'Lorkings', 'tlorkings1t@examiner.com', '89582753598', '43bc3cf19193cf6a124c1e4e001994f61b04afda', '2020-05-01 08:33:57');
insert into users (id, first_name, last_name, email, phone, password_hash, created_at) values (67, 'Raynard', 'Fewkes', 'rfewkes1u@usgs.gov', '83815080523', 'b1cf131a7101a16cd3326a300dac7cc448a4bd2a', '2020-02-02 09:32:25');
insert into users (id, first_name, last_name, email, phone, password_hash, created_at) values (68, 'Germana', 'Vala', 'gvala1v@newyorker.com', '89342449839', 'c714823b738c796e9ec816e8c7c4ef1ce32835bf', '2019-05-11 10:28:43');
insert into users (id, first_name, last_name, email, phone, password_hash, created_at) values (69, 'Killie', 'Moneti', 'kmoneti1w@imageshack.us', '82731657755', '86d53f1456ba867c9d38ae5cc35ded26a36b387a', '2019-11-15 16:51:37');
insert into users (id, first_name, last_name, email, phone, password_hash, created_at) values (70, 'Guglielmo', 'Quinion', 'gquinion1x@php.net', '84299184497', '8bd7366fad8c152bcb65445e9214cd6a25aa2d45', '2020-02-15 23:42:33');
insert into users (id, first_name, last_name, email, phone, password_hash, created_at) values (71, 'Allix', 'Dower', 'adower1y@hao123.com', '81484059196', 'c92bac7f931b2ddeb258ca70f6dcb0f80c12847d', '2021-06-26 13:43:22');
insert into users (id, first_name, last_name, email, phone, password_hash, created_at) values (72, 'Viviyan', 'Dorey', 'vdorey1z@chronoengine.com', '88905591834', '2ce34f66fca9bea545c40bed838f54db7eb42ba7', '2020-04-28 15:53:50');
insert into users (id, first_name, last_name, email, phone, password_hash, created_at) values (73, 'Beret', 'Bauldrey', 'bbauldrey20@amazon.de', '88908654423', 'ac7fbb218c2f656ddb5047d8ae0a396ed0422e6f', '2020-11-14 08:47:53');
insert into users (id, first_name, last_name, email, phone, password_hash, created_at) values (74, 'Reiko', 'Whild', 'rwhild21@house.gov', '88613148249', '0e17916468ffe1faa7fca33341db99c0094a6300', '2019-11-30 05:33:30');
insert into users (id, first_name, last_name, email, phone, password_hash, created_at) values (75, 'Celia', 'Limon', 'climon22@tripadvisor.com', '86248594090', '456eea81af7228c5877c2f83b4624f584c83dbc5', '2019-06-22 20:17:31');
insert into users (id, first_name, last_name, email, phone, password_hash, created_at) values (76, 'Kean', 'Gilhooly', 'kgilhooly23@nifty.com', '83982598132', '6792427e434c7f976ca567ada72eac0533f7d315', '2019-09-11 13:06:46');
insert into users (id, first_name, last_name, email, phone, password_hash, created_at) values (77, 'Marena', 'Sendall', 'msendall24@yale.edu', '88344598821', 'd5fe93671d1045f7260847c82e873740f4b456d4', '2019-10-24 23:03:42');
insert into users (id, first_name, last_name, email, phone, password_hash, created_at) values (78, 'Edvard', 'Connick', 'econnick25@narod.ru', '83564615788', 'd5f31a464cfd2a6fae4e8ef622177014c8165804', '2021-06-13 15:17:11');
insert into users (id, first_name, last_name, email, phone, password_hash, created_at) values (79, 'Eustacia', 'Skipton', 'eskipton26@1688.com', '85955092964', '96e8ca5fd7b28684736458479e4c53e1d4ae02d5', '2020-05-27 21:45:08');
insert into users (id, first_name, last_name, email, phone, password_hash, created_at) values (80, 'Midge', 'Pursglove', 'mpursglove27@tiny.cc', '83141569437', 'f5a87ddca77281084881b45d40e087703f798f42', '2020-07-29 17:07:28');
insert into users (id, first_name, last_name, email, phone, password_hash, created_at) values (81, 'Brandise', 'Bennet', 'bbennet28@bloomberg.com', '88271042495', 'a459740408705d02af599891cd2b8d856f4a4cbd', '2019-09-07 19:43:59');
insert into users (id, first_name, last_name, email, phone, password_hash, created_at) values (82, 'Lydon', 'Reicharz', 'lreicharz29@wiley.com', '89839198819', 'fa667fc4276580a32f42f62c35d7a91ee1a394e6', '2020-10-29 19:22:46');
insert into users (id, first_name, last_name, email, phone, password_hash, created_at) values (83, 'Zarla', 'Filmer', 'zfilmer2a@usnews.com', '88546245984', '059e4c32bbd66809d3072b6f2d3077d7729ba230', '2020-11-07 17:39:50');
insert into users (id, first_name, last_name, email, phone, password_hash, created_at) values (84, 'Selie', 'Pudan', 'spudan2b@wordpress.com', '82472646237', 'b8a02d56800385af92052f6b364b4274c91a1d48', '2021-05-30 16:44:55');
insert into users (id, first_name, last_name, email, phone, password_hash, created_at) values (85, 'Kimball', 'MacElane', 'kmacelane2c@tuttocitta.it', '82425261944', '3775bfdde1a658679364decdeb5c2f3599f3a799', '2021-04-28 08:50:49');
insert into users (id, first_name, last_name, email, phone, password_hash, created_at) values (86, 'Matteo', 'Uridge', 'muridge2d@kickstarter.com', '86338073265', '57e3c15983aa47cfb4435c184cc2916babec54f1', '2020-01-28 03:54:04');
insert into users (id, first_name, last_name, email, phone, password_hash, created_at) values (87, 'Broddy', 'Fetter', 'bfetter2e@usda.gov', '84322105925', '079121bd904a6ed8b9b1442dce00eccbaaf59158', '2021-04-28 05:58:29');
insert into users (id, first_name, last_name, email, phone, password_hash, created_at) values (88, 'Galven', 'McGuiness', 'gmcguiness2f@macromedia.com', '87375602509', '17a4ad0a622c5a32e826842f3073dfdcdaa112c8', '2021-04-01 18:06:13');
insert into users (id, first_name, last_name, email, phone, password_hash, created_at) values (89, 'Dominga', 'Gordon', 'dgordon2g@google.com.au', '82303754758', '4c6b27cd962cc8f9867e17de05c9feb6a60b5da3', '2019-09-29 15:36:55');
insert into users (id, first_name, last_name, email, phone, password_hash, created_at) values (90, 'Emmy', 'Duxfield', 'eduxfield2h@skyrock.com', '82861378431', '982080cef91f8cbaf15e5decb0cee3019bfbc205', '2019-11-03 11:21:17');
insert into users (id, first_name, last_name, email, phone, password_hash, created_at) values (91, 'Petey', 'Denty', 'pdenty2i@elegantthemes.com', '86237798260', 'fcd3ef738146cacd94f7604a5cde1b7b1e24c53d', '2020-07-13 13:43:28');
insert into users (id, first_name, last_name, email, phone, password_hash, created_at) values (92, 'Gian', 'Klimschak', 'gklimschak2j@hud.gov', '81006613536', '40d5af7b222d3e053760b480eb843d91f202ede4', '2020-02-26 11:58:49');
insert into users (id, first_name, last_name, email, phone, password_hash, created_at) values (93, 'Norrie', 'Colwell', 'ncolwell2k@mayoclinic.com', '81847130217', 'c917c1d8473234ca856bec68ae9de7fcf6b7c651', '2020-03-08 22:01:05');
insert into users (id, first_name, last_name, email, phone, password_hash, created_at) values (94, 'Mahmoud', 'Heighway', 'mheighway2l@weibo.com', '88967698984', 'ce3041dae2b5dd4d79b4bdc835c5c3aa86151ace', '2020-01-27 20:43:50');
insert into users (id, first_name, last_name, email, phone, password_hash, created_at) values (95, 'Flory', 'Guerrero', 'fguerrero2m@seattletimes.com', '87628819720', '3d7ce76b151fb5da3536cc43ac1b1d02f9815afa', '2019-06-12 15:35:11');
insert into users (id, first_name, last_name, email, phone, password_hash, created_at) values (96, 'Rori', 'Burnhill', 'rburnhill2n@live.com', '83987622039', '3cb8a215aa3d368dc9d47be5af354a2a1ace4fbd', '2020-01-30 22:45:27');
insert into users (id, first_name, last_name, email, phone, password_hash, created_at) values (97, 'Hortense', 'Breese', 'hbreese2o@toplist.cz', '81094055168', 'a610e5b519e0f8687e07fff3ac7dced5101d030f', '2021-04-21 18:27:40');
insert into users (id, first_name, last_name, email, phone, password_hash, created_at) values (98, 'Amata', 'Broadbear', 'abroadbear2p@zdnet.com', '86837751857', 'd6bae2bcbe2ada9ba1ee89c350eec502216605b5', '2020-10-30 10:14:04');
insert into users (id, first_name, last_name, email, phone, password_hash, created_at) values (99, 'Mauricio', 'Hasty', 'mhasty2q@cocolog-nifty.com', '81129211729', '7a22563c55b50723ddb5f8b0a17d93880b42c1ee', '2019-05-02 19:56:14');
insert into users (id, first_name, last_name, email, phone, password_hash, created_at) values (100, 'Antonietta', 'Tuddenham', 'atuddenham2r@ovh.net', '86622608894', '13a9003e5fb2beeb0dab4d76a4d08a7bf88b3bd4', '2019-04-28 03:56:43');
insert into media_types (id, name) values (1, 'Ches');
insert into media_types (id, name) values (2, 'Friedrick');
insert into media_types (id, name) values (3, 'Minna');
insert into media_types (id, name) values (4, 'Hoebart');
insert into media (id, user_id, media_types_id, file_name, file_size, created_at) values (1, 1, 3, 'IdNisl.pdf', 3915, '2019-12-10 02:16:52');
insert into media (id, user_id, media_types_id, file_name, file_size, created_at) values (2, 2, 4, 'Fusce.ppt', 725, '2019-12-11 11:15:55');
insert into media (id, user_id, media_types_id, file_name, file_size, created_at) values (3, 3, 3, 'ConvallisDuis.jpeg', 1368, '2021-06-12 14:47:40');
insert into media (id, user_id, media_types_id, file_name, file_size, created_at) values (4, 4, 2, 'Interdum.avi', 4408, '2020-08-11 01:10:02');
insert into media (id, user_id, media_types_id, file_name, file_size, created_at) values (5, 5, 1, 'Sodales.pdf', 4097, '2020-06-18 13:52:51');
insert into media (id, user_id, media_types_id, file_name, file_size, created_at) values (6, 6, 2, 'Sit.ppt', 7186, '2020-10-30 21:59:10');
insert into media (id, user_id, media_types_id, file_name, file_size, created_at) values (7, 7, 2, 'Cubilia.txt', 1409, '2020-12-03 00:04:56');
insert into media (id, user_id, media_types_id, file_name, file_size, created_at) values (8, 8, 1, 'LigulaInLacus.gif', 3321, '2020-10-14 01:02:27');
insert into media (id, user_id, media_types_id, file_name, file_size, created_at) values (9, 9, 4, 'AugueLuctusTincidunt.avi', 1010, '2020-07-07 11:18:35');
insert into media (id, user_id, media_types_id, file_name, file_size, created_at) values (10, 10, 3, 'NisiNam.tiff', 2744, '2020-11-11 04:21:27');
insert into media (id, user_id, media_types_id, file_name, file_size, created_at) values (11, 11, 4, 'AmetSemFusce.ppt', 3259, '2020-09-21 10:44:30');
insert into media (id, user_id, media_types_id, file_name, file_size, created_at) values (12, 12, 1, 'Lacus.tiff', 6468, '2020-05-08 05:55:04');
insert into media (id, user_id, media_types_id, file_name, file_size, created_at) values (13, 13, 3, 'FaucibusAccumsanOdio.pdf', 3661, '2020-10-24 07:40:41');
insert into media (id, user_id, media_types_id, file_name, file_size, created_at) values (14, 14, 2, 'Duis.tiff', 8541, '2020-06-04 15:29:17');
insert into media (id, user_id, media_types_id, file_name, file_size, created_at) values (15, 15, 2, 'PedeLiberoQuis.avi', 257, '2020-01-26 07:42:56');
insert into media (id, user_id, media_types_id, file_name, file_size, created_at) values (16, 16, 1, 'FelisUtAt.avi', 8447, '2019-12-06 18:17:16');
insert into media (id, user_id, media_types_id, file_name, file_size, created_at) values (17, 17, 2, 'In.avi', 7093, '2019-09-02 13:38:46');
insert into media (id, user_id, media_types_id, file_name, file_size, created_at) values (18, 18, 3, 'InQuisJusto.mpeg', 4298, '2020-06-24 01:39:18');
insert into media (id, user_id, media_types_id, file_name, file_size, created_at) values (19, 19, 3, 'NamUltrices.mov', 459, '2021-03-30 06:16:41');
insert into media (id, user_id, media_types_id, file_name, file_size, created_at) values (20, 20, 4, 'ScelerisqueQuam.ppt', 6772, '2019-12-25 10:23:31');
insert into media (id, user_id, media_types_id, file_name, file_size, created_at) values (21, 21, 2, 'AliquamSitAmet.jpeg', 806, '2019-11-07 15:22:40');
insert into media (id, user_id, media_types_id, file_name, file_size, created_at) values (22, 22, 2, 'Venenatis.txt', 261, '2021-05-18 18:21:24');
insert into media (id, user_id, media_types_id, file_name, file_size, created_at) values (23, 23, 1, 'PenatibusEtMagnis.tiff', 1497, '2019-12-30 02:08:38');
insert into media (id, user_id, media_types_id, file_name, file_size, created_at) values (24, 24, 3, 'Et.mpeg', 4886, '2019-10-03 09:35:05');
insert into media (id, user_id, media_types_id, file_name, file_size, created_at) values (25, 25, 2, 'ANibhIn.jpeg', 4019, '2020-03-19 23:59:15');
insert into media (id, user_id, media_types_id, file_name, file_size, created_at) values (26, 26, 4, 'EtMagnis.xls', 4325, '2020-06-29 23:48:06');
insert into media (id, user_id, media_types_id, file_name, file_size, created_at) values (27, 27, 2, 'CongueEget.tiff', 6599, '2019-11-25 19:07:24');
insert into media (id, user_id, media_types_id, file_name, file_size, created_at) values (28, 28, 4, 'MassaId.jpeg', 7827, '2020-01-23 21:56:50');
insert into media (id, user_id, media_types_id, file_name, file_size, created_at) values (29, 29, 4, 'Id.xls', 1397, '2020-08-19 20:36:32');
insert into media (id, user_id, media_types_id, file_name, file_size, created_at) values (30, 30, 3, 'MiSitAmet.tiff', 6331, '2020-02-23 21:12:04');
insert into media (id, user_id, media_types_id, file_name, file_size, created_at) values (31, 31, 4, 'NonMattis.gif', 785, '2020-05-06 17:08:38');
insert into media (id, user_id, media_types_id, file_name, file_size, created_at) values (32, 32, 3, 'SedVestibulumSit.gif', 956, '2019-12-27 04:50:50');
insert into media (id, user_id, media_types_id, file_name, file_size, created_at) values (33, 33, 4, 'Ut.mp3', 5279, '2020-06-10 17:03:48');
insert into media (id, user_id, media_types_id, file_name, file_size, created_at) values (34, 34, 4, 'LoremInteger.ppt', 8303, '2020-09-16 16:58:38');
insert into media (id, user_id, media_types_id, file_name, file_size, created_at) values (35, 35, 4, 'AtNibh.ppt', 6430, '2021-05-25 22:55:26');
insert into media (id, user_id, media_types_id, file_name, file_size, created_at) values (36, 36, 1, 'Ante.avi', 3223, '2020-03-11 07:47:59');
insert into media (id, user_id, media_types_id, file_name, file_size, created_at) values (37, 37, 4, 'RisusDapibus.mp3', 4463, '2021-02-13 12:29:38');
insert into media (id, user_id, media_types_id, file_name, file_size, created_at) values (38, 38, 4, 'Nec.jpeg', 4507, '2020-03-12 03:36:44');
insert into media (id, user_id, media_types_id, file_name, file_size, created_at) values (39, 39, 4, 'NisiNamUltrices.xls', 2028, '2019-08-16 14:24:07');
insert into media (id, user_id, media_types_id, file_name, file_size, created_at) values (40, 40, 2, 'LigulaSuspendisseOrnare.ppt', 7534, '2020-06-03 01:59:35');
insert into media (id, user_id, media_types_id, file_name, file_size, created_at) values (41, 41, 3, 'VelIpsum.jpeg', 3616, '2021-04-14 00:50:40');
insert into media (id, user_id, media_types_id, file_name, file_size, created_at) values (42, 42, 4, 'Ut.mpeg', 9264, '2019-09-15 02:59:53');
insert into media (id, user_id, media_types_id, file_name, file_size, created_at) values (43, 43, 1, 'NonPretium.avi', 5717, '2021-01-11 12:43:36');
insert into media (id, user_id, media_types_id, file_name, file_size, created_at) values (44, 44, 3, 'OrciLuctusEt.ppt', 5468, '2021-05-13 19:10:00');
insert into media (id, user_id, media_types_id, file_name, file_size, created_at) values (45, 45, 2, 'LacusMorbiQuis.avi', 2745, '2021-07-06 00:35:46');
insert into media (id, user_id, media_types_id, file_name, file_size, created_at) values (46, 46, 3, 'NislVenenatisLacinia.ppt', 8222, '2019-08-14 20:33:19');
insert into media (id, user_id, media_types_id, file_name, file_size, created_at) values (47, 47, 2, 'Id.xls', 5168, '2019-11-22 09:27:43');
insert into media (id, user_id, media_types_id, file_name, file_size, created_at) values (48, 48, 3, 'ConsectetuerEgetRutrum.mpeg', 831, '2020-02-19 03:20:28');
insert into media (id, user_id, media_types_id, file_name, file_size, created_at) values (49, 49, 3, 'CrasIn.avi', 8468, '2019-11-13 13:18:46');
insert into media (id, user_id, media_types_id, file_name, file_size, created_at) values (50, 50, 2, 'Lacus.avi', 1296, '2020-07-24 11:46:56');
insert into media (id, user_id, media_types_id, file_name, file_size, created_at) values (51, 51, 2, 'Nascetur.tiff', 6589, '2020-09-29 09:07:24');
insert into media (id, user_id, media_types_id, file_name, file_size, created_at) values (52, 52, 3, 'SemperSapienA.tiff', 1766, '2019-08-03 19:38:28');
insert into media (id, user_id, media_types_id, file_name, file_size, created_at) values (53, 53, 2, 'EtMagnisDis.mp3', 2252, '2021-05-13 17:40:41');
insert into media (id, user_id, media_types_id, file_name, file_size, created_at) values (54, 54, 3, 'DuiProinLeo.avi', 1339, '2019-10-31 19:06:05');
insert into media (id, user_id, media_types_id, file_name, file_size, created_at) values (55, 55, 1, 'IdNullaUltrices.avi', 1224, '2019-12-15 13:03:41');
insert into media (id, user_id, media_types_id, file_name, file_size, created_at) values (56, 56, 3, 'EuTinciduntIn.jpeg', 3162, '2020-01-25 01:04:23');
insert into media (id, user_id, media_types_id, file_name, file_size, created_at) values (57, 57, 4, 'AugueVestibulum.xls', 8992, '2021-06-17 06:04:10');
insert into media (id, user_id, media_types_id, file_name, file_size, created_at) values (58, 58, 2, 'UtNuncVestibulum.ppt', 8352, '2020-04-16 21:52:13');
insert into media (id, user_id, media_types_id, file_name, file_size, created_at) values (59, 59, 3, 'Purus.gif', 3198, '2019-12-22 09:16:36');
insert into media (id, user_id, media_types_id, file_name, file_size, created_at) values (60, 60, 3, 'SemperEst.xls', 7308, '2019-10-30 04:21:13');
insert into media (id, user_id, media_types_id, file_name, file_size, created_at) values (61, 61, 3, 'Condimentum.xls', 2573, '2019-10-27 02:10:41');
insert into media (id, user_id, media_types_id, file_name, file_size, created_at) values (62, 62, 2, 'Nascetur.mp3', 2652, '2021-01-30 00:18:32');
insert into media (id, user_id, media_types_id, file_name, file_size, created_at) values (63, 63, 3, 'AdipiscingElit.mpeg', 7473, '2020-01-31 02:31:52');
insert into media (id, user_id, media_types_id, file_name, file_size, created_at) values (64, 64, 4, 'AliquetMassaId.avi', 9133, '2019-07-26 09:27:24');
insert into media (id, user_id, media_types_id, file_name, file_size, created_at) values (65, 65, 2, 'In.ppt', 9023, '2019-09-15 14:35:49');
insert into media (id, user_id, media_types_id, file_name, file_size, created_at) values (66, 66, 3, 'DonecPosuereMetus.ppt', 3926, '2021-05-07 23:34:33');
insert into media (id, user_id, media_types_id, file_name, file_size, created_at) values (67, 67, 4, 'VitaeMattisNibh.jpeg', 251, '2019-12-02 08:39:30');
insert into media (id, user_id, media_types_id, file_name, file_size, created_at) values (68, 68, 2, 'MagnaAc.xls', 8034, '2021-06-23 04:29:48');
insert into media (id, user_id, media_types_id, file_name, file_size, created_at) values (69, 69, 2, 'DuisBibendumFelis.mp3', 3836, '2021-06-19 15:51:40');
insert into media (id, user_id, media_types_id, file_name, file_size, created_at) values (70, 70, 4, 'Diam.tiff', 9668, '2020-07-27 20:02:32');
insert into media (id, user_id, media_types_id, file_name, file_size, created_at) values (71, 71, 1, 'Blandit.mpeg', 9091, '2021-04-20 06:10:20');
insert into media (id, user_id, media_types_id, file_name, file_size, created_at) values (72, 72, 1, 'AcNibh.pdf', 5385, '2019-09-17 10:17:13');
insert into media (id, user_id, media_types_id, file_name, file_size, created_at) values (73, 73, 2, 'RutrumNullaTellus.mov', 7939, '2021-05-02 21:22:49');
insert into media (id, user_id, media_types_id, file_name, file_size, created_at) values (74, 74, 2, 'HacHabitassePlatea.mp3', 7753, '2020-05-30 21:25:55');
insert into media (id, user_id, media_types_id, file_name, file_size, created_at) values (75, 75, 1, 'Amet.txt', 4252, '2019-10-21 12:26:01');
insert into media (id, user_id, media_types_id, file_name, file_size, created_at) values (76, 76, 1, 'ConsequatVarius.ppt', 8196, '2021-04-11 08:34:48');
insert into media (id, user_id, media_types_id, file_name, file_size, created_at) values (77, 77, 1, 'PenatibusEtMagnis.mp3', 9854, '2020-10-02 10:54:40');
insert into media (id, user_id, media_types_id, file_name, file_size, created_at) values (78, 78, 4, 'PlateaDictumst.xls', 5795, '2021-02-14 22:19:33');
insert into media (id, user_id, media_types_id, file_name, file_size, created_at) values (79, 79, 1, 'SuspendisseAccumsanTortor.avi', 5476, '2020-02-27 01:10:54');
insert into media (id, user_id, media_types_id, file_name, file_size, created_at) values (80, 80, 4, 'Felis.gif', 1019, '2020-04-01 08:39:55');
insert into media (id, user_id, media_types_id, file_name, file_size, created_at) values (81, 81, 1, 'Pede.ppt', 9281, '2021-02-22 06:56:37');
insert into media (id, user_id, media_types_id, file_name, file_size, created_at) values (82, 82, 4, 'Eu.mpeg', 5535, '2019-09-24 09:05:10');
insert into media (id, user_id, media_types_id, file_name, file_size, created_at) values (83, 83, 2, 'JustoEtiam.gif', 1294, '2020-05-26 06:42:43');
insert into media (id, user_id, media_types_id, file_name, file_size, created_at) values (84, 84, 2, 'Sem.mov', 135, '2021-04-30 10:55:10');
insert into media (id, user_id, media_types_id, file_name, file_size, created_at) values (85, 85, 1, 'RhoncusAliquam.pdf', 7395, '2020-11-30 11:23:37');
insert into media (id, user_id, media_types_id, file_name, file_size, created_at) values (86, 86, 3, 'ProinRisusPraesent.mp3', 3546, '2021-03-06 02:42:56');
insert into media (id, user_id, media_types_id, file_name, file_size, created_at) values (87, 87, 2, 'SapienSapien.pdf', 2741, '2021-05-01 05:04:31');
insert into media (id, user_id, media_types_id, file_name, file_size, created_at) values (88, 88, 3, 'Vel.xls', 1327, '2019-08-21 02:30:50');
insert into media (id, user_id, media_types_id, file_name, file_size, created_at) values (89, 89, 2, 'Vestibulum.pdf', 4742, '2020-02-25 10:11:46');
insert into media (id, user_id, media_types_id, file_name, file_size, created_at) values (90, 90, 4, 'InPorttitor.mp3', 9444, '2020-12-24 18:46:38');
insert into media (id, user_id, media_types_id, file_name, file_size, created_at) values (91, 91, 4, 'PlateaDictumstEtiam.mp3', 233, '2020-05-01 20:42:17');
insert into media (id, user_id, media_types_id, file_name, file_size, created_at) values (92, 92, 4, 'Cursus.avi', 3304, '2020-07-10 02:20:57');
insert into media (id, user_id, media_types_id, file_name, file_size, created_at) values (93, 93, 1, 'CongueEgetSemper.ppt', 990, '2020-06-23 22:41:08');
insert into media (id, user_id, media_types_id, file_name, file_size, created_at) values (94, 94, 4, 'LiberoQuisOrci.xls', 2850, '2021-01-04 19:54:59');
insert into media (id, user_id, media_types_id, file_name, file_size, created_at) values (95, 95, 2, 'LiberoNamDui.ppt', 6799, '2019-12-17 05:16:33');
insert into media (id, user_id, media_types_id, file_name, file_size, created_at) values (96, 96, 3, 'Pellentesque.ppt', 9519, '2020-08-19 07:29:54');
insert into media (id, user_id, media_types_id, file_name, file_size, created_at) values (97, 97, 1, 'Nam.doc', 9430, '2021-06-05 16:29:32');
insert into media (id, user_id, media_types_id, file_name, file_size, created_at) values (98, 98, 4, 'In.jpeg', 7165, '2020-04-08 21:06:35');
insert into media (id, user_id, media_types_id, file_name, file_size, created_at) values (99, 99, 4, 'NullamSit.xls', 5797, '2020-03-06 17:55:42');
insert into media (id, user_id, media_types_id, file_name, file_size, created_at) values (100, 100, 2, 'JustoMorbi.avi', 187, '2020-08-22 21:39:34');
insert into communities (id, name, description, admin_id) values (1, 'Domainer', 'Open wound of nose NOS', 70);
insert into communities (id, name, description, admin_id) values (2, 'Gembucket', 'Optic nerve injury', 67);
insert into communities (id, name, description, admin_id) values (3, 'Solarbreeze', 'Injury-firearm/expl NOS', 45);
insert into communities (id, name, description, admin_id) values (4, 'Alpha', 'Concus-brf coma 31-59 mn', 2);
insert into communities (id, name, description, admin_id) values (5, 'Flowdesk', 'Prim TB pleuris-histo dx', 100);
insert into communities (id, name, description, admin_id) values (6, 'Cardguard', 'Assault-gasoline bomb', 30);
insert into communities (id, name, description, admin_id) values (7, 'Veribet', 'Extreme immat 1000-1249g', 78);
insert into communities (id, name, description, admin_id) values (8, 'Solarbreeze', 'TB laryngitis-oth test', 75);
insert into communities (id, name, description, admin_id) values (9, 'Stronghold', 'Burn NOS arm-multiple', 71);
insert into communities (id, name, description, admin_id) values (10, 'Overhold', 'Jt contracture-ankle', 10);
insert into communities (id, name, description, admin_id) values (11, 'Opela', 'Unil femoral hern w gang', 88);
insert into communities (id, name, description, admin_id) values (12, 'Overhold', 'Brain lacer NEC w/o coma', 23);
insert into communities (id, name, description, admin_id) values (13, 'Cardify', 'Oth myl leuk w rmsion', 14);
insert into communities (id, name, description, admin_id) values (14, 'Sub-Ex', 'Monocular esotropia', 63);
insert into communities (id, name, description, admin_id) values (15, 'Prodder', 'Vasc comp mesenteric art', 6);
insert into communities (id, name, description, admin_id) values (16, 'Konklab', 'Dissociative fugue', 21);
insert into communities (id, name, description, admin_id) values (17, 'Cardguard', 'Brain injury NEC', 32);
insert into communities (id, name, description, admin_id) values (18, 'Biodex', 'Generalized anxiety dis', 60);
insert into communities (id, name, description, admin_id) values (19, 'Treeflex', 'Mat anesth/analg aff NB', 26);
insert into communities (id, name, description, admin_id) values (20, 'Otcom', 'Quads w fetal loss-ante', 11);
insert into communities (id, name, description, admin_id) values (21, 'Redhold', 'Drug dependence-deliver', 59);
insert into communities (id, name, description, admin_id) values (22, 'Aerified', 'Malig neo biliary NOS', 5);
insert into communities (id, name, description, admin_id) values (23, 'Tin', 'Colles'' fracture-open', 9);
insert into communities (id, name, description, admin_id) values (24, 'Bamity', 'Sec neuroendo tumor-bone', 35);
insert into communities (id, name, description, admin_id) values (25, 'Home Ing', 'Pericardial disease NOS', 90);
insert into communities (id, name, description, admin_id) values (26, 'Matsoft', '50-59% bdy brn/3 deg NOS', 29);
insert into communities (id, name, description, admin_id) values (27, 'Lotstring', 'Schizophreniform dis NOS', 62);
insert into communities (id, name, description, admin_id) values (28, 'Sub-Ex', 'Radial styloid tenosynov', 10);
insert into communities (id, name, description, admin_id) values (29, 'Flowdesk', 'Meningitis oth spcf bact', 42);
insert into communities (id, name, description, admin_id) values (30, 'Temp', 'Senile cataract NEC', 73);
insert into communities (id, name, description, admin_id) values (31, 'Konklab', 'Lethal midline granuloma', 15);
insert into communities (id, name, description, admin_id) values (32, 'Andalax', 'Pure hypercholesterolem', 69);
insert into communities (id, name, description, admin_id) values (33, 'Bitchip', 'Screen for gu cond NEC', 79);
insert into communities (id, name, description, admin_id) values (34, 'Lotlux', 'Perinat jaund-hered anem', 10);
insert into communities (id, name, description, admin_id) values (35, 'Zaam-Dox', 'Glaucoma NOS', 50);
insert into communities (id, name, description, admin_id) values (36, 'Bitwolf', 'Astigmatism NOS', 33);
insert into communities (id, name, description, admin_id) values (37, 'Trippledex', 'Mal neo thorax/resp NEC', 71);
insert into communities (id, name, description, admin_id) values (38, 'Treeflex', 'Adv eff antibiotics NEC', 38);
insert into communities (id, name, description, admin_id) values (39, 'Voltsillam', 'Fx up ulna NEC/NOS-open', 10);
insert into communities (id, name, description, admin_id) values (40, 'Tres-Zap', 'Priv dwel fire-accid NOS', 81);
insert into communities (id, name, description, admin_id) values (41, 'Andalax', 'Drop, hematocrit, precip', 14);
insert into communities (id, name, description, admin_id) values (42, 'Cardguard', 'Complx febrile convulsns', 18);
insert into communities (id, name, description, admin_id) values (43, 'Toughjoyfax', 'E.coli infection NEC/NOS', 60);
insert into communities (id, name, description, admin_id) values (44, 'Namfix', 'Acute miliary tb-unspec', 65);
insert into communities (id, name, description, admin_id) values (45, 'Transcof', 'Prelabor rupt uterus-del', 50);
insert into communities (id, name, description, admin_id) values (46, 'Redhold', 'Path fx dstl radius ulna', 17);
insert into communities (id, name, description, admin_id) values (47, 'Zoolab', 'Assault-hunting rifle', 49);
insert into communities (id, name, description, admin_id) values (48, 'Hatity', 'Acquired night blindness', 27);
insert into communities (id, name, description, admin_id) values (49, 'Zathin', 'Retain nonmag meta frag', 29);
insert into communities (id, name, description, admin_id) values (50, 'Y-find', 'Ac bulbar polio-type 2', 31);
insert into communities (id, name, description, admin_id) values (51, 'Zaam-Dox', 'Rosacea conjunctivitis', 100);
insert into communities (id, name, description, admin_id) values (52, 'Hatity', 'Joint effusion-up/arm', 30);
insert into communities (id, name, description, admin_id) values (53, 'Bigtax', 'Osteomyelitis NOS-shlder', 63);
insert into communities (id, name, description, admin_id) values (54, 'Y-find', 'Mal neo postcricoid', 6);
insert into communities (id, name, description, admin_id) values (55, 'Zamit', 'Deep 3rd deg burn scalp', 83);
insert into communities (id, name, description, admin_id) values (56, 'Zamit', 'Hemorrhagic cond NEC', 69);
insert into communities (id, name, description, admin_id) values (57, 'It', 'Secondary parkinsonism', 66);
insert into communities (id, name, description, admin_id) values (58, 'Zontrax', 'Atrophic nonflaccid tymp', 99);
insert into communities (id, name, description, admin_id) values (59, 'Lotlux', 'Enophthalmos NOS', 61);
insert into communities (id, name, description, admin_id) values (60, 'Konklab', 'Centipede bite', 59);
insert into communities (id, name, description, admin_id) values (61, 'Lotlux', 'Pseudomonas enteritis', 56);
insert into communities (id, name, description, admin_id) values (62, 'Fixflex', 'Extradur hem-brief coma', 16);
insert into communities (id, name, description, admin_id) values (63, 'Transcof', 'Brachial plexus injury', 68);
insert into communities (id, name, description, admin_id) values (64, 'Gembucket', 'Viral dis contact NEC', 77);
insert into communities (id, name, description, admin_id) values (65, 'Greenlam', 'Anaplastic lymph axilla', 88);
insert into communities (id, name, description, admin_id) values (66, 'Regrant', 'Carbuncle of hand', 4);
insert into communities (id, name, description, admin_id) values (67, 'Bamity', 'Burn w eyeball destruct', 53);
insert into communities (id, name, description, admin_id) values (68, 'Y-Solowarm', 'Prim pulm hypertension', 23);
insert into communities (id, name, description, admin_id) values (69, 'Holdlamis', 'Myotonia congenita', 49);
insert into communities (id, name, description, admin_id) values (70, 'Regrant', 'Screen-sickle cell dis', 43);
insert into communities (id, name, description, admin_id) values (71, 'Rank', 'Vaginitis NOS', 38);
insert into communities (id, name, description, admin_id) values (72, 'Vagram', 'Ab ftl hrt rt/rh dur lab', 13);
insert into communities (id, name, description, admin_id) values (73, 'Pannier', 'Act leuk uns cl w rmson', 3);
insert into communities (id, name, description, admin_id) values (74, 'Y-find', 'Abdmnal rgdt lft up quad', 28);
insert into communities (id, name, description, admin_id) values (75, 'Sub-Ex', 'Polyostotic fibros dyspl', 39);
insert into communities (id, name, description, admin_id) values (76, 'Stim', 'Cyst of bone NOS', 16);
insert into communities (id, name, description, admin_id) values (77, 'Otcom', 'Dosag fail-shock therapy', 9);
insert into communities (id, name, description, admin_id) values (78, 'Cardguard', 'Hyposmolality', 79);
insert into communities (id, name, description, admin_id) values (79, 'Asoka', 'Abn dark adaptat curve', 100);
insert into communities (id, name, description, admin_id) values (80, 'Hatity', 'Perfor root canal space', 7);
insert into communities (id, name, description, admin_id) values (81, 'Stim', 'TB lung infiltr-exm unkn', 88);
insert into communities (id, name, description, admin_id) values (82, 'Domainer', 'Aft surg skin/subcu NEC', 97);
insert into communities (id, name, description, admin_id) values (83, 'Bytecard', 'Excessive attrition-pulp', 99);
insert into communities (id, name, description, admin_id) values (84, 'Zontrax', 'Rh incompat reaction NEC', 98);
insert into communities (id, name, description, admin_id) values (85, 'Sonair', 'Sclerosing mesenteritis', 1);
insert into communities (id, name, description, admin_id) values (86, 'Toughjoyfax', 'RR acc NEC-person NEC', 82);
insert into communities (id, name, description, admin_id) values (87, 'Namfix', 'Adv eff irrit cathartic', 93);
insert into communities (id, name, description, admin_id) values (88, 'Subin', 'Mental dis preg-unspec', 88);
insert into communities (id, name, description, admin_id) values (89, 'Greenlam', 'Allerg arthritis-hand', 22);
insert into communities (id, name, description, admin_id) values (90, 'Alpha', 'Pois-coronary vasodilat', 5);
insert into communities (id, name, description, admin_id) values (91, 'Redhold', 'Lipoma skin face', 8);
insert into communities (id, name, description, admin_id) values (92, 'Holdlamis', 'Obsessive-compulsive dis', 86);
insert into communities (id, name, description, admin_id) values (93, 'Fix San', 'Hx of colonic malignancy', 23);
insert into communities (id, name, description, admin_id) values (94, 'Latlux', 'Other dsrders esophagus', 30);
insert into communities (id, name, description, admin_id) values (95, 'Wrapsafe', 'Ac kidny fail w del-unsp', 30);
insert into communities (id, name, description, admin_id) values (96, 'Mat Lam Tam', 'Adv eff diuretics NEC', 5);
insert into communities (id, name, description, admin_id) values (97, 'Opela', 'Cong heart anomaly NEC', 39);
insert into communities (id, name, description, admin_id) values (98, 'It', 'Injury of chest wall NEC', 25);
insert into communities (id, name, description, admin_id) values (99, 'Gembucket', 'Psoriatic arthropathy', 30);
insert into communities (id, name, description, admin_id) values (100, 'It', 'Fet/plac prob NEC-deliv', 44);
insert into profiles (user_id, gender, birthday, photo_id, user_status, city, country) values (1, 'm', '1983-06-13', 1, 'Applic ext fix dev-femur', 'Gedangan', 'Indonesia');
insert into profiles (user_id, gender, birthday, photo_id, user_status, city, country) values (2, 'm', '1985-01-04', 2, 'Injection into marrow', 'Sabang', 'Philippines');
insert into profiles (user_id, gender, birthday, photo_id, user_status, city, country) values (3, 'm', '1997-12-27', 3, 'Salivary cyst marsupial', 'Gostimë', 'Albania');
insert into profiles (user_id, gender, birthday, photo_id, user_status, city, country) values (4, 'f', '2003-01-13', 4, 'Implt/repl carddefib tot', 'Shikārpur', 'Pakistan');
insert into profiles (user_id, gender, birthday, photo_id, user_status, city, country) values (5, 'f', '1994-12-15', 5, 'Humerus sequestrectomy', 'Anastácio', 'Brazil');
insert into profiles (user_id, gender, birthday, photo_id, user_status, city, country) values (6, 'm', '2002-05-18', 6, 'Revision of pedicle grft', 'Pingdong', 'China');
insert into profiles (user_id, gender, birthday, photo_id, user_status, city, country) values (7, 'm', '1982-02-27', 7, 'Lid reconstr w graft NEC', 'Muurame', 'Finland');
insert into profiles (user_id, gender, birthday, photo_id, user_status, city, country) values (8, 'f', '1997-05-15', 8, 'Papillary muscle ops', 'Ban Phaeo', 'Thailand');
insert into profiles (user_id, gender, birthday, photo_id, user_status, city, country) values (9, 'm', '1996-08-05', 9, 'Rev knee replace-patella', 'Thạnh Mỹ', 'Vietnam');
insert into profiles (user_id, gender, birthday, photo_id, user_status, city, country) values (10, 'f', '1982-04-23', 10, 'Destr sm bowel les NEC', 'Pingshui', 'China');
insert into profiles (user_id, gender, birthday, photo_id, user_status, city, country) values (11, 'f', '1989-08-23', 11, 'Artif rupt membranes NEC', 'Charlotte Amalie', 'U.S. Virgin Islands');
insert into profiles (user_id, gender, birthday, photo_id, user_status, city, country) values (12, 'x', '2003-03-11', 12, 'Endo transmyo revascular', 'Bergen', 'Norway');
insert into profiles (user_id, gender, birthday, photo_id, user_status, city, country) values (13, 'f', '2001-07-03', 13, 'Destruct abd wall lesion', 'Starý Bohumín', 'Czech Republic');
insert into profiles (user_id, gender, birthday, photo_id, user_status, city, country) values (14, 'm', '1988-06-16', 14, 'Adm neuroprotective agnt', 'Muruni', 'Indonesia');
insert into profiles (user_id, gender, birthday, photo_id, user_status, city, country) values (15, 'f', '1993-09-06', 15, 'Metatarsal/tarsal biopsy', 'Yerba Buena', 'Argentina');
insert into profiles (user_id, gender, birthday, photo_id, user_status, city, country) values (16, 'f', '2003-12-25', 16, 'Total body perfusion', 'Cruzeiro', 'Portugal');
insert into profiles (user_id, gender, birthday, photo_id, user_status, city, country) values (17, 'f', '1994-03-30', 17, 'Joint biopsy NEC', 'Seynod', 'France');
insert into profiles (user_id, gender, birthday, photo_id, user_status, city, country) values (18, 'f', '1982-10-04', 18, 'Cystotomy & adhesiolysis', 'Matai', 'Tanzania');
insert into profiles (user_id, gender, birthday, photo_id, user_status, city, country) values (19, 'f', '1994-08-01', 19, 'Excis metacar/car-graft', 'Pedro Sánchez', 'Dominican Republic');
insert into profiles (user_id, gender, birthday, photo_id, user_status, city, country) values (20, 'f', '1985-05-10', 20, 'Close thoracic duct fist', 'Huanggong', 'China');
insert into profiles (user_id, gender, birthday, photo_id, user_status, city, country) values (21, 'm', '2000-08-18', 21, 'Access-hypogloss anastom', 'Tongqing', 'China');
insert into profiles (user_id, gender, birthday, photo_id, user_status, city, country) values (22, 'm', '1986-02-23', 22, 'Total repair of tapvc', 'Lhakangtang', 'China');
insert into profiles (user_id, gender, birthday, photo_id, user_status, city, country) values (23, 'f', '1994-09-16', 23, 'Duhamel rectal resection', 'Noailles', 'France');
insert into profiles (user_id, gender, birthday, photo_id, user_status, city, country) values (24, 'm', '2001-03-26', 24, 'Peripheral nerve suture', 'Gulbene', 'Latvia');
insert into profiles (user_id, gender, birthday, photo_id, user_status, city, country) values (25, 'f', '1980-11-13', 25, 'Other nasal sinus ops', 'Elliot', 'South Africa');
insert into profiles (user_id, gender, birthday, photo_id, user_status, city, country) values (26, 'x', '1988-04-22', 26, 'Infus immunosup antibody', 'Yukuriawat', 'China');
insert into profiles (user_id, gender, birthday, photo_id, user_status, city, country) values (27, 'm', '1999-08-18', 27, 'Correct everted punctum', 'Wien', 'Austria');
insert into profiles (user_id, gender, birthday, photo_id, user_status, city, country) values (28, 'f', '1997-06-07', 28, 'Mesenteric repair NEC', 'Novovarshavka', 'Russia');
insert into profiles (user_id, gender, birthday, photo_id, user_status, city, country) values (29, 'f', '1982-04-07', 29, 'Replace ventricle shunt', 'Penitik', 'Indonesia');
insert into profiles (user_id, gender, birthday, photo_id, user_status, city, country) values (30, 'm', '1997-09-26', 30, 'Respiratory measure NEC', 'Santos', 'Brazil');
insert into profiles (user_id, gender, birthday, photo_id, user_status, city, country) values (31, 'm', '1983-04-14', 31, 'Bil breast injec-augment', 'Degerfors', 'Sweden');
insert into profiles (user_id, gender, birthday, photo_id, user_status, city, country) values (32, 'f', '1991-04-21', 32, 'Audiometry', 'Pirajuí', 'Brazil');
insert into profiles (user_id, gender, birthday, photo_id, user_status, city, country) values (33, 'm', '2002-08-29', 33, 'Culture-op wound', 'Ballisodare', 'Ireland');
insert into profiles (user_id, gender, birthday, photo_id, user_status, city, country) values (34, 'f', '1998-12-15', 34, 'Uterine repair NEC', 'Sabaneta', 'Venezuela');
insert into profiles (user_id, gender, birthday, photo_id, user_status, city, country) values (35, 'f', '2001-06-19', 35, 'Parasitology-peritoneum', 'Taikang', 'China');
insert into profiles (user_id, gender, birthday, photo_id, user_status, city, country) values (36, 'm', '1993-01-16', 36, 'Peritoneal biopsy', 'Leixlip', 'Ireland');
insert into profiles (user_id, gender, birthday, photo_id, user_status, city, country) values (37, 'f', '1994-11-02', 37, 'Remov intralum colon FB', 'Papineauville', 'Canada');
insert into profiles (user_id, gender, birthday, photo_id, user_status, city, country) values (38, 'f', '1985-11-24', 38, 'Remove head/neck dev NEC', 'Bandera', 'Argentina');
insert into profiles (user_id, gender, birthday, photo_id, user_status, city, country) values (39, 'm', '1988-11-04', 39, 'Abdperneal resc rect NEC', 'Yanbei', 'China');
insert into profiles (user_id, gender, birthday, photo_id, user_status, city, country) values (40, 'm', '1981-07-23', 40, 'Esophag stricture repair', 'Yashiro', 'Japan');
insert into profiles (user_id, gender, birthday, photo_id, user_status, city, country) values (41, 'x', '1996-05-12', 41, 'Intracran endarterectomy', 'Massy', 'France');
insert into profiles (user_id, gender, birthday, photo_id, user_status, city, country) values (42, 'f', '1983-04-16', 42, 'Psychol mental stat NOS', 'Latacunga', 'Ecuador');
insert into profiles (user_id, gender, birthday, photo_id, user_status, city, country) values (43, 'm', '1981-12-23', 43, 'Miscellaneous proc NEC', 'Kuhmalahti', 'Finland');
insert into profiles (user_id, gender, birthday, photo_id, user_status, city, country) values (44, 'f', '1983-06-28', 44, 'Psychiat mental determin', 'Siay', 'Philippines');
insert into profiles (user_id, gender, birthday, photo_id, user_status, city, country) values (45, 'f', '1997-09-10', 45, 'Arterial catheterization', 'Üydzen', 'Mongolia');
insert into profiles (user_id, gender, birthday, photo_id, user_status, city, country) values (46, 'm', '1981-11-23', 46, 'Conjunc free graft NEC', 'Palopat', 'Indonesia');
insert into profiles (user_id, gender, birthday, photo_id, user_status, city, country) values (47, 'm', '1990-12-08', 47, 'Suture of palate lacerat', 'Palaiomonástiron', 'Greece');
insert into profiles (user_id, gender, birthday, photo_id, user_status, city, country) values (48, 'f', '1995-05-18', 48, 'Pelvic gas contrast xray', 'Caen', 'France');
insert into profiles (user_id, gender, birthday, photo_id, user_status, city, country) values (49, 'f', '1995-01-04', 49, 'Repair vag fistula NEC', 'Matadi', 'Democratic Republic of the Congo');
insert into profiles (user_id, gender, birthday, photo_id, user_status, city, country) values (50, 'f', '1990-05-15', 50, 'Atrial cardioversion', 'Gangbei', 'China');
insert into profiles (user_id, gender, birthday, photo_id, user_status, city, country) values (51, 'x', '1990-07-26', 51, 'Other chest wall repair', 'Huolongmen', 'China');
insert into profiles (user_id, gender, birthday, photo_id, user_status, city, country) values (52, 'x', '1998-03-11', 52, 'Eye enuc w implant NEC', 'Pruchnik', 'Poland');
insert into profiles (user_id, gender, birthday, photo_id, user_status, city, country) values (53, 'm', '1983-10-15', 53, 'Revis bile tract anastom', 'Louisville', 'United States');
insert into profiles (user_id, gender, birthday, photo_id, user_status, city, country) values (54, 'm', '1986-04-15', 54, 'Excise lg intestine les', 'Tojeira', 'Portugal');
insert into profiles (user_id, gender, birthday, photo_id, user_status, city, country) values (55, 'f', '1981-06-30', 55, 'PlEuroperitoneal shunt', 'Wujiabao', 'China');
insert into profiles (user_id, gender, birthday, photo_id, user_status, city, country) values (56, 'm', '1981-05-26', 56, 'Remov intralum gastr FB', 'Załuski', 'Poland');
insert into profiles (user_id, gender, birthday, photo_id, user_status, city, country) values (57, 'f', '1996-12-08', 57, 'External ear biopsy', 'Glushkovo', 'Russia');
insert into profiles (user_id, gender, birthday, photo_id, user_status, city, country) values (58, 'f', '1982-04-10', 58, 'Forearm/wrist/hand reatt', 'Jamao al Norte', 'Dominican Republic');
insert into profiles (user_id, gender, birthday, photo_id, user_status, city, country) values (59, 'f', '1985-08-02', 59, 'Elbow arthroplasty NEC', 'Bagacay', 'Philippines');
insert into profiles (user_id, gender, birthday, photo_id, user_status, city, country) values (60, 'm', '1989-02-24', 60, 'Subtalar fusion', 'Conchopata', 'Peru');
insert into profiles (user_id, gender, birthday, photo_id, user_status, city, country) values (61, 'f', '2001-01-30', 61, 'Skull & brain op NEC', 'Zhlobin', 'Belarus');
insert into profiles (user_id, gender, birthday, photo_id, user_status, city, country) values (62, 'x', '2002-08-06', 62, 'Tympanosympathectomy', 'Kameyama', 'Japan');
insert into profiles (user_id, gender, birthday, photo_id, user_status, city, country) values (63, 'm', '1989-11-20', 63, 'Spine meningocele repair', 'Urengoy', 'Russia');
insert into profiles (user_id, gender, birthday, photo_id, user_status, city, country) values (64, 'm', '1996-06-17', 64, 'Tooth restorat by inlay', 'Wufeng', 'China');
insert into profiles (user_id, gender, birthday, photo_id, user_status, city, country) values (65, 'm', '1984-09-23', 65, 'Open large bowel biopsy', 'Santo Amaro', 'Portugal');
insert into profiles (user_id, gender, birthday, photo_id, user_status, city, country) values (66, 'm', '1988-11-24', 66, 'Applic ext fix-humerus', 'Memória', 'Portugal');
insert into profiles (user_id, gender, birthday, photo_id, user_status, city, country) values (67, 'm', '1986-12-27', 67, 'Clinical hearing test', 'Santa Rosa', 'Uruguay');
insert into profiles (user_id, gender, birthday, photo_id, user_status, city, country) values (68, 'f', '1986-05-31', 68, 'Part gastrec w jej anast', 'Taklale', 'Indonesia');
insert into profiles (user_id, gender, birthday, photo_id, user_status, city, country) values (69, 'm', '1986-06-04', 69, 'Simpl aspir lens extract', 'Gorodishche', 'Russia');
insert into profiles (user_id, gender, birthday, photo_id, user_status, city, country) values (70, 'm', '1998-08-28', 70, 'Imp/rep subcue card dev', 'Khemisset', 'Morocco');
insert into profiles (user_id, gender, birthday, photo_id, user_status, city, country) values (71, 'f', '1981-11-01', 71, 'Hip surface, cermc/poly', 'Gaogu', 'China');
insert into profiles (user_id, gender, birthday, photo_id, user_status, city, country) values (72, 'm', '1994-04-16', 72, 'Open robotic assist proc', 'Tha Bo', 'Thailand');
insert into profiles (user_id, gender, birthday, photo_id, user_status, city, country) values (73, 'm', '1984-12-15', 73, 'Uroflowmetry', 'María la Baja', 'Colombia');
insert into profiles (user_id, gender, birthday, photo_id, user_status, city, country) values (74, 'm', '2000-09-26', 74, 'Removal iud', 'Tagum', 'Philippines');
insert into profiles (user_id, gender, birthday, photo_id, user_status, city, country) values (75, 'm', '1994-09-15', 75, 'Toxicology-lymph system', 'Berekum', 'Ghana');
insert into profiles (user_id, gender, birthday, photo_id, user_status, city, country) values (76, 'f', '1992-08-03', 76, 'Lumb/lmbosac fus ant/ant', 'Lizhai', 'China');
insert into profiles (user_id, gender, birthday, photo_id, user_status, city, country) values (77, 'm', '1991-08-28', 77, 'Lmb/lmbsac fus post/post', 'Charikar', 'Afghanistan');
insert into profiles (user_id, gender, birthday, photo_id, user_status, city, country) values (78, 'f', '1998-02-09', 78, 'Fallopian tube biopsy', 'Kyonju', 'South Korea');
insert into profiles (user_id, gender, birthday, photo_id, user_status, city, country) values (79, 'x', '1999-10-14', 79, 'Radius & ulna sequestrec', 'Mariestad', 'Sweden');
insert into profiles (user_id, gender, birthday, photo_id, user_status, city, country) values (80, 'f', '1984-09-07', 80, 'Aortocoronary bypass NOS', 'Paôy Pêt', 'Cambodia');
insert into profiles (user_id, gender, birthday, photo_id, user_status, city, country) values (81, 'f', '1986-04-13', 81, 'Arterial catheterization', 'Vetluzhskiy', 'Russia');
insert into profiles (user_id, gender, birthday, photo_id, user_status, city, country) values (82, 'x', '2001-01-25', 82, 'Lap remove both ovaries', 'Ban Takhun', 'Thailand');
insert into profiles (user_id, gender, birthday, photo_id, user_status, city, country) values (83, 'm', '1998-10-11', 83, 'Oth totl excision thymus', 'Nggelok', 'Indonesia');
insert into profiles (user_id, gender, birthday, photo_id, user_status, city, country) values (84, 'f', '1991-05-22', 84, 'Latiss dorsi myocut flap', 'Puncakwangi', 'Indonesia');
insert into profiles (user_id, gender, birthday, photo_id, user_status, city, country) values (85, 'f', '1984-05-21', 85, 'Occlude arm vessel NEC', 'Los Pinos', 'Mexico');
insert into profiles (user_id, gender, birthday, photo_id, user_status, city, country) values (86, 'f', '1993-04-05', 86, 'Keratoprosthesis', 'Glória do Goitá', 'Brazil');
insert into profiles (user_id, gender, birthday, photo_id, user_status, city, country) values (87, 'f', '1999-01-15', 87, 'Oth perc proc bil trct', 'Roma', 'Italy');
insert into profiles (user_id, gender, birthday, photo_id, user_status, city, country) values (88, 'f', '1994-12-03', 88, 'Pancreatic anastomosis', 'San Fernando', 'Honduras');
insert into profiles (user_id, gender, birthday, photo_id, user_status, city, country) values (89, 'm', '1984-12-23', 89, 'Repair retina detach NEC', 'Wonokerto', 'Indonesia');
insert into profiles (user_id, gender, birthday, photo_id, user_status, city, country) values (90, 'f', '1986-10-15', 90, 'Delayed tendon suture', 'Ntsoudjini', 'Comoros');
insert into profiles (user_id, gender, birthday, photo_id, user_status, city, country) values (91, 'f', '2002-08-25', 91, 'Laparoscopic cecectomy', 'Lampuyang', 'Indonesia');
insert into profiles (user_id, gender, birthday, photo_id, user_status, city, country) values (92, 'f', '1999-09-25', 92, 'Tooth restor by filling', 'Hairag', 'China');
insert into profiles (user_id, gender, birthday, photo_id, user_status, city, country) values (93, 'f', '1985-10-19', 93, 'Intravenous pyelogram', 'Ayapa', 'Honduras');
insert into profiles (user_id, gender, birthday, photo_id, user_status, city, country) values (94, 'x', '1984-05-30', 94, 'Dilation of intestine', 'Gurgurnica', 'Macedonia');
insert into profiles (user_id, gender, birthday, photo_id, user_status, city, country) values (95, 'f', '1990-01-11', 95, 'Autoimmune dis immunizat', 'Phan Thong', 'Thailand');
insert into profiles (user_id, gender, birthday, photo_id, user_status, city, country) values (96, 'f', '1986-10-31', 96, 'Ocular prosthetics', 'Kloangpopot', 'Indonesia');
insert into profiles (user_id, gender, birthday, photo_id, user_status, city, country) values (97, 'm', '1998-11-08', 97, 'Multisource radiosurgery', 'Chongxing', 'China');
insert into profiles (user_id, gender, birthday, photo_id, user_status, city, country) values (98, 'f', '1996-09-12', 98, 'Male sterilization NOS', 'Sabi', 'Gambia');
insert into profiles (user_id, gender, birthday, photo_id, user_status, city, country) values (99, 'm', '1994-06-09', 99, 'Urin incontin repair NEC', 'El Soberbio', 'Argentina');
insert into profiles (user_id, gender, birthday, photo_id, user_status, city, country) values (100, 'f', '1988-08-19', 100, 'IV infusion clofarabine', 'El Almendro', 'Nicaragua');
insert into communities_users (community_id, user_id, created_at) values (71, 23, '2021-06-14 23:14:27');
insert into communities_users (community_id, user_id, created_at) values (50, 62, '2020-10-28 10:13:47');
insert into communities_users (community_id, user_id, created_at) values (70, 72, '2020-07-26 15:13:14');
insert into communities_users (community_id, user_id, created_at) values (78, 31, '2020-07-30 03:57:24');
insert into communities_users (community_id, user_id, created_at) values (30, 57, '2020-10-21 01:33:16');
insert into communities_users (community_id, user_id, created_at) values (92, 69, '2021-01-25 11:59:26');
insert into communities_users (community_id, user_id, created_at) values (3, 25, '2021-06-25 19:29:46');
insert into communities_users (community_id, user_id, created_at) values (56, 93, '2020-12-29 11:29:31');
insert into communities_users (community_id, user_id, created_at) values (44, 29, '2020-12-13 14:14:21');
insert into communities_users (community_id, user_id, created_at) values (17, 89, '2021-01-29 00:59:09');
insert into communities_users (community_id, user_id, created_at) values (96, 29, '2021-05-10 18:02:45');
insert into communities_users (community_id, user_id, created_at) values (38, 47, '2021-03-06 21:33:34');
insert into communities_users (community_id, user_id, created_at) values (24, 40, '2021-01-03 22:36:12');
insert into communities_users (community_id, user_id, created_at) values (1, 86, '2020-12-10 19:42:26');
insert into communities_users (community_id, user_id, created_at) values (33, 87, '2021-05-03 04:26:43');
insert into communities_users (community_id, user_id, created_at) values (31, 44, '2020-12-04 10:08:47');
insert into communities_users (community_id, user_id, created_at) values (8, 74, '2020-07-16 21:45:34');
insert into communities_users (community_id, user_id, created_at) values (98, 70, '2021-02-20 06:33:28');
insert into communities_users (community_id, user_id, created_at) values (23, 11, '2020-07-13 15:25:44');
insert into communities_users (community_id, user_id, created_at) values (8, 64, '2020-12-13 04:49:33');
insert into communities_users (community_id, user_id, created_at) values (79, 85, '2020-11-21 22:38:32');
insert into communities_users (community_id, user_id, created_at) values (78, 6, '2020-10-24 06:56:06');
insert into communities_users (community_id, user_id, created_at) values (23, 44, '2020-12-09 08:30:12');
insert into communities_users (community_id, user_id, created_at) values (52, 32, '2021-05-17 18:40:12');
insert into communities_users (community_id, user_id, created_at) values (49, 41, '2020-10-27 14:35:16');
insert into communities_users (community_id, user_id, created_at) values (28, 27, '2020-09-25 02:56:56');
insert into communities_users (community_id, user_id, created_at) values (95, 45, '2021-04-07 10:23:59');
insert into communities_users (community_id, user_id, created_at) values (63, 50, '2020-09-03 20:39:27');
insert into communities_users (community_id, user_id, created_at) values (97, 36, '2020-08-26 02:28:15');
insert into communities_users (community_id, user_id, created_at) values (25, 79, '2020-11-27 07:51:14');
insert into communities_users (community_id, user_id, created_at) values (80, 20, '2021-01-17 00:54:57');
insert into communities_users (community_id, user_id, created_at) values (11, 29, '2021-01-01 11:37:59');
insert into communities_users (community_id, user_id, created_at) values (16, 73, '2020-09-06 10:59:33');
insert into communities_users (community_id, user_id, created_at) values (4, 10, '2020-08-21 18:37:27');
insert into communities_users (community_id, user_id, created_at) values (76, 21, '2020-09-10 15:03:56');
insert into communities_users (community_id, user_id, created_at) values (7, 12, '2021-06-03 02:59:56');
insert into communities_users (community_id, user_id, created_at) values (42, 59, '2021-05-31 00:10:42');
insert into communities_users (community_id, user_id, created_at) values (38, 35, '2021-01-30 05:18:14');
insert into communities_users (community_id, user_id, created_at) values (88, 13, '2021-02-10 06:29:24');
insert into communities_users (community_id, user_id, created_at) values (34, 99, '2021-04-08 04:46:57');
insert into communities_users (community_id, user_id, created_at) values (88, 69, '2021-06-06 14:13:32');
insert into communities_users (community_id, user_id, created_at) values (59, 51, '2020-10-10 03:59:52');
insert into communities_users (community_id, user_id, created_at) values (31, 52, '2020-12-01 08:15:13');
insert into communities_users (community_id, user_id, created_at) values (57, 61, '2021-05-16 01:07:25');
insert into communities_users (community_id, user_id, created_at) values (74, 89, '2020-12-10 20:25:08');
insert into communities_users (community_id, user_id, created_at) values (70, 4, '2021-03-29 13:50:46');
insert into communities_users (community_id, user_id, created_at) values (8, 92, '2021-02-24 13:01:27');
insert into communities_users (community_id, user_id, created_at) values (3, 51, '2020-12-22 16:11:23');
insert into communities_users (community_id, user_id, created_at) values (84, 79, '2020-11-16 09:22:11');
insert into communities_users (community_id, user_id, created_at) values (36, 20, '2020-12-08 04:59:37');
insert into communities_users (community_id, user_id, created_at) values (46, 7, '2020-07-25 07:20:03');
insert into communities_users (community_id, user_id, created_at) values (21, 16, '2021-06-28 17:42:38');
insert into communities_users (community_id, user_id, created_at) values (81, 29, '2020-12-09 09:19:55');
insert into communities_users (community_id, user_id, created_at) values (54, 18, '2021-02-02 11:22:19');
insert into communities_users (community_id, user_id, created_at) values (3, 72, '2020-07-27 07:10:51');
insert into communities_users (community_id, user_id, created_at) values (25, 1, '2021-04-14 09:53:55');
insert into communities_users (community_id, user_id, created_at) values (5, 67, '2020-12-19 03:17:42');
insert into communities_users (community_id, user_id, created_at) values (70, 11, '2021-03-09 19:16:37');
insert into communities_users (community_id, user_id, created_at) values (48, 98, '2021-05-22 19:56:54');
insert into communities_users (community_id, user_id, created_at) values (94, 5, '2021-04-11 00:07:40');
insert into communities_users (community_id, user_id, created_at) values (85, 94, '2020-07-19 07:57:45');
insert into communities_users (community_id, user_id, created_at) values (36, 83, '2021-06-30 10:53:47');
insert into communities_users (community_id, user_id, created_at) values (51, 79, '2020-11-13 09:39:13');
insert into communities_users (community_id, user_id, created_at) values (62, 54, '2020-07-14 22:03:47');
insert into communities_users (community_id, user_id, created_at) values (29, 41, '2021-02-27 07:08:20');
insert into communities_users (community_id, user_id, created_at) values (72, 79, '2021-02-03 21:21:52');
insert into communities_users (community_id, user_id, created_at) values (10, 59, '2021-04-21 08:03:33');
insert into communities_users (community_id, user_id, created_at) values (83, 60, '2021-04-22 14:50:25');
insert into communities_users (community_id, user_id, created_at) values (38, 90, '2021-01-15 16:24:23');
insert into communities_users (community_id, user_id, created_at) values (98, 19, '2020-07-25 12:47:24');
insert into communities_users (community_id, user_id, created_at) values (44, 44, '2021-04-12 19:20:50');
insert into communities_users (community_id, user_id, created_at) values (23, 15, '2020-08-15 10:27:51');
insert into communities_users (community_id, user_id, created_at) values (15, 5, '2021-04-27 19:44:07');
insert into communities_users (community_id, user_id, created_at) values (2, 11, '2021-02-18 08:29:28');
insert into communities_users (community_id, user_id, created_at) values (28, 79, '2021-04-03 23:30:06');
insert into communities_users (community_id, user_id, created_at) values (100, 77, '2021-06-26 14:07:42');
insert into communities_users (community_id, user_id, created_at) values (56, 10, '2020-09-29 21:40:45');
insert into communities_users (community_id, user_id, created_at) values (43, 74, '2020-08-06 09:44:52');
insert into communities_users (community_id, user_id, created_at) values (52, 90, '2020-08-10 21:18:27');
insert into communities_users (community_id, user_id, created_at) values (82, 72, '2021-01-19 06:22:52');
insert into communities_users (community_id, user_id, created_at) values (81, 72, '2021-05-10 18:50:39');
insert into communities_users (community_id, user_id, created_at) values (89, 66, '2020-12-04 06:56:59');
insert into communities_users (community_id, user_id, created_at) values (78, 98, '2020-07-30 09:13:01');
insert into communities_users (community_id, user_id, created_at) values (86, 1, '2020-10-14 20:02:53');
insert into communities_users (community_id, user_id, created_at) values (92, 90, '2021-04-13 13:05:39');
insert into communities_users (community_id, user_id, created_at) values (12, 96, '2020-10-22 22:14:13');
insert into communities_users (community_id, user_id, created_at) values (31, 51, '2021-01-26 19:42:31');
insert into communities_users (community_id, user_id, created_at) values (60, 14, '2021-06-28 07:43:32');
insert into communities_users (community_id, user_id, created_at) values (14, 82, '2020-11-02 12:16:54');
insert into communities_users (community_id, user_id, created_at) values (63, 79, '2020-10-10 07:57:59');
insert into communities_users (community_id, user_id, created_at) values (16, 30, '2021-05-15 10:13:52');
insert into communities_users (community_id, user_id, created_at) values (78, 46, '2020-12-28 07:26:26');
insert into communities_users (community_id, user_id, created_at) values (20, 40, '2020-10-09 14:11:37');
insert into communities_users (community_id, user_id, created_at) values (25, 99, '2020-08-22 20:09:30');
insert into communities_users (community_id, user_id, created_at) values (100, 16, '2020-09-08 23:46:24');
insert into communities_users (community_id, user_id, created_at) values (69, 76, '2020-10-28 20:40:26');
insert into communities_users (community_id, user_id, created_at) values (48, 57, '2021-07-11 06:56:51');
insert into communities_users (community_id, user_id, created_at) values (78, 90, '2020-07-12 15:03:11');
insert into communities_users (community_id, user_id, created_at) values (83, 71, '2021-02-21 08:13:01');
insert into communities_users (community_id, user_id, created_at) values (62, 24, '2020-10-18 12:02:06');
insert into communities_users (community_id, user_id, created_at) values (96, 16, '2021-04-25 03:56:31');
insert into communities_users (community_id, user_id, created_at) values (43, 77, '2021-03-30 23:52:31');
insert into communities_users (community_id, user_id, created_at) values (10, 45, '2020-08-23 03:44:45');
insert into communities_users (community_id, user_id, created_at) values (55, 3, '2020-12-18 06:02:50');
insert into communities_users (community_id, user_id, created_at) values (49, 48, '2020-10-25 00:09:55');
insert into communities_users (community_id, user_id, created_at) values (33, 91, '2021-05-11 13:11:36');
insert into communities_users (community_id, user_id, created_at) values (38, 56, '2021-06-08 04:44:39');
insert into communities_users (community_id, user_id, created_at) values (10, 29, '2021-02-07 02:21:17');
insert into communities_users (community_id, user_id, created_at) values (75, 56, '2020-11-01 04:13:37');
insert into communities_users (community_id, user_id, created_at) values (98, 10, '2020-12-06 05:01:22');
insert into communities_users (community_id, user_id, created_at) values (93, 91, '2020-11-03 12:04:03');
insert into communities_users (community_id, user_id, created_at) values (28, 57, '2020-07-24 16:04:40');
insert into communities_users (community_id, user_id, created_at) values (27, 64, '2021-01-18 01:59:56');
insert into communities_users (community_id, user_id, created_at) values (51, 1, '2020-11-03 22:31:09');
insert into communities_users (community_id, user_id, created_at) values (29, 82, '2020-11-22 04:52:32');
insert into communities_users (community_id, user_id, created_at) values (88, 33, '2021-05-18 00:26:25');
insert into communities_users (community_id, user_id, created_at) values (20, 48, '2020-07-24 03:02:13');
insert into communities_users (community_id, user_id, created_at) values (64, 69, '2021-01-28 19:07:08');
insert into communities_users (community_id, user_id, created_at) values (91, 58, '2020-08-26 17:38:10');
insert into communities_users (community_id, user_id, created_at) values (71, 21, '2020-12-20 17:02:28');
insert into communities_users (community_id, user_id, created_at) values (67, 12, '2021-02-22 23:57:14');
insert into communities_users (community_id, user_id, created_at) values (39, 83, '2020-08-08 02:29:20');
insert into communities_users (community_id, user_id, created_at) values (82, 11, '2020-08-14 20:56:07');
insert into communities_users (community_id, user_id, created_at) values (47, 89, '2021-01-08 13:31:40');
insert into communities_users (community_id, user_id, created_at) values (68, 15, '2020-07-26 15:25:41');
insert into communities_users (community_id, user_id, created_at) values (40, 85, '2021-01-22 03:00:52');
insert into communities_users (community_id, user_id, created_at) values (8, 40, '2021-02-18 13:31:56');
insert into communities_users (community_id, user_id, created_at) values (29, 81, '2021-06-30 17:59:31');
insert into communities_users (community_id, user_id, created_at) values (33, 67, '2021-01-15 07:24:44');
insert into communities_users (community_id, user_id, created_at) values (38, 39, '2020-10-29 12:59:06');
insert into communities_users (community_id, user_id, created_at) values (19, 76, '2021-04-15 20:26:48');
insert into communities_users (community_id, user_id, created_at) values (64, 98, '2020-09-24 03:04:11');
insert into communities_users (community_id, user_id, created_at) values (79, 40, '2020-10-20 18:30:33');
insert into communities_users (community_id, user_id, created_at) values (66, 63, '2020-12-04 21:08:12');
insert into communities_users (community_id, user_id, created_at) values (38, 6, '2020-09-26 04:54:05');
insert into communities_users (community_id, user_id, created_at) values (72, 22, '2021-02-03 11:44:25');
insert into communities_users (community_id, user_id, created_at) values (92, 81, '2021-01-05 04:10:27');
insert into communities_users (community_id, user_id, created_at) values (83, 83, '2021-03-24 05:58:33');
insert into communities_users (community_id, user_id, created_at) values (17, 74, '2020-07-14 04:01:27');
insert into communities_users (community_id, user_id, created_at) values (34, 80, '2021-01-17 06:54:44');
insert into communities_users (community_id, user_id, created_at) values (28, 91, '2020-10-11 21:53:12');
insert into communities_users (community_id, user_id, created_at) values (23, 82, '2020-09-13 10:57:51');
insert into communities_users (community_id, user_id, created_at) values (2, 54, '2020-11-18 21:46:22');
insert into communities_users (community_id, user_id, created_at) values (11, 60, '2021-07-02 12:26:43');
insert into communities_users (community_id, user_id, created_at) values (91, 35, '2020-08-26 09:07:50');
insert into communities_users (community_id, user_id, created_at) values (100, 89, '2021-06-22 20:01:14');
insert into communities_users (community_id, user_id, created_at) values (36, 62, '2021-05-05 22:01:54');
insert into communities_users (community_id, user_id, created_at) values (14, 84, '2020-11-08 21:05:04');
insert into communities_users (community_id, user_id, created_at) values (91, 67, '2021-04-08 10:00:39');
insert into communities_users (community_id, user_id, created_at) values (27, 7, '2021-02-03 08:49:36');
insert into communities_users (community_id, user_id, created_at) values (1, 62, '2020-11-27 03:14:30');
insert into communities_users (community_id, user_id, created_at) values (30, 93, '2021-01-01 12:30:02');
insert into communities_users (community_id, user_id, created_at) values (13, 71, '2021-02-15 10:21:39');
insert into communities_users (community_id, user_id, created_at) values (31, 15, '2021-05-31 07:26:12');
insert into communities_users (community_id, user_id, created_at) values (79, 97, '2021-01-03 00:40:53');
insert into communities_users (community_id, user_id, created_at) values (57, 62, '2020-08-07 22:03:42');
insert into communities_users (community_id, user_id, created_at) values (37, 85, '2021-03-29 01:20:25');
insert into communities_users (community_id, user_id, created_at) values (1, 99, '2020-09-17 02:29:43');
insert into communities_users (community_id, user_id, created_at) values (100, 65, '2020-11-05 09:26:57');
insert into communities_users (community_id, user_id, created_at) values (18, 66, '2021-01-28 17:52:27');
insert into communities_users (community_id, user_id, created_at) values (71, 14, '2021-01-04 18:23:43');
insert into communities_users (community_id, user_id, created_at) values (47, 65, '2020-11-20 02:41:15');
insert into communities_users (community_id, user_id, created_at) values (2, 95, '2020-12-21 07:22:42');
insert into communities_users (community_id, user_id, created_at) values (93, 38, '2021-01-13 06:21:23');
insert into communities_users (community_id, user_id, created_at) values (54, 3, '2020-08-04 00:34:38');
insert into communities_users (community_id, user_id, created_at) values (85, 46, '2021-04-03 00:45:54');
insert into communities_users (community_id, user_id, created_at) values (36, 10, '2020-09-27 01:45:48');
insert into communities_users (community_id, user_id, created_at) values (39, 17, '2021-02-16 15:42:11');
insert into communities_users (community_id, user_id, created_at) values (55, 10, '2020-11-01 08:38:40');
insert into communities_users (community_id, user_id, created_at) values (22, 49, '2020-10-23 21:50:21');
insert into communities_users (community_id, user_id, created_at) values (12, 4, '2021-07-06 00:05:32');
insert into communities_users (community_id, user_id, created_at) values (77, 29, '2021-05-28 02:10:26');
insert into communities_users (community_id, user_id, created_at) values (29, 24, '2021-07-10 10:16:56');
insert into communities_users (community_id, user_id, created_at) values (78, 8, '2021-07-03 13:48:45');
insert into communities_users (community_id, user_id, created_at) values (58, 87, '2020-11-26 12:16:24');
insert into communities_users (community_id, user_id, created_at) values (20, 73, '2021-06-02 06:13:41');
insert into communities_users (community_id, user_id, created_at) values (96, 7, '2021-04-15 17:41:56');
insert into communities_users (community_id, user_id, created_at) values (98, 16, '2020-11-26 04:39:00');
insert into communities_users (community_id, user_id, created_at) values (12, 16, '2021-05-28 08:39:03');
insert into communities_users (community_id, user_id, created_at) values (78, 15, '2020-07-21 22:18:02');
insert into communities_users (community_id, user_id, created_at) values (32, 53, '2021-05-08 11:07:09');
insert into communities_users (community_id, user_id, created_at) values (18, 76, '2020-07-17 03:26:37');
insert into communities_users (community_id, user_id, created_at) values (9, 27, '2021-06-08 10:24:40');
insert into communities_users (community_id, user_id, created_at) values (99, 75, '2020-10-31 16:53:56');
insert into communities_users (community_id, user_id, created_at) values (29, 78, '2021-07-04 10:46:01');
insert into communities_users (community_id, user_id, created_at) values (71, 47, '2021-03-21 14:57:24');
insert into communities_users (community_id, user_id, created_at) values (50, 93, '2021-07-09 22:16:05');
insert into communities_users (community_id, user_id, created_at) values (14, 48, '2021-05-05 17:45:56');
insert into communities_users (community_id, user_id, created_at) values (80, 12, '2021-04-06 17:59:53');
insert into communities_users (community_id, user_id, created_at) values (62, 4, '2020-10-20 07:39:44');
insert into communities_users (community_id, user_id, created_at) values (71, 96, '2021-01-12 17:59:55');
insert into communities_users (community_id, user_id, created_at) values (21, 92, '2020-11-16 23:33:52');
insert into communities_users (community_id, user_id, created_at) values (96, 75, '2020-07-21 14:44:30');
insert into communities_users (community_id, user_id, created_at) values (44, 9, '2020-12-04 23:47:58');
insert into communities_users (community_id, user_id, created_at) values (36, 92, '2020-09-09 05:48:44');
insert into communities_users (community_id, user_id, created_at) values (24, 30, '2021-01-02 23:41:16');
insert into communities_users (community_id, user_id, created_at) values (80, 61, '2020-10-23 02:30:52');
insert into communities_users (community_id, user_id, created_at) values (21, 56, '2021-01-19 04:13:53');
insert into communities_users (community_id, user_id, created_at) values (71, 5, '2020-12-19 10:32:30');
insert into communities_users (community_id, user_id, created_at) values (77, 25, '2021-01-22 05:26:38');
insert into friend_requests (from_user_id, to_user_id, accepted) values (12, 68, true);
insert into friend_requests (from_user_id, to_user_id, accepted) values (19, 76, true);
insert into friend_requests (from_user_id, to_user_id, accepted) values (42, 18, false);
insert into friend_requests (from_user_id, to_user_id, accepted) values (56, 83, false);
insert into friend_requests (from_user_id, to_user_id, accepted) values (34, 95, true);
insert into friend_requests (from_user_id, to_user_id, accepted) values (57, 71, true);
insert into friend_requests (from_user_id, to_user_id, accepted) values (91, 4, false);
insert into friend_requests (from_user_id, to_user_id, accepted) values (65, 12, true);
insert into friend_requests (from_user_id, to_user_id, accepted) values (14, 88, false);
insert into friend_requests (from_user_id, to_user_id, accepted) values (84, 30, true);
insert into friend_requests (from_user_id, to_user_id, accepted) values (69, 45, false);
insert into friend_requests (from_user_id, to_user_id, accepted) values (35, 37, false);
insert into friend_requests (from_user_id, to_user_id, accepted) values (65, 37, false);
insert into friend_requests (from_user_id, to_user_id, accepted) values (1, 44, false);
insert into friend_requests (from_user_id, to_user_id, accepted) values (11, 52, false);
insert into friend_requests (from_user_id, to_user_id, accepted) values (35, 7, true);
insert into friend_requests (from_user_id, to_user_id, accepted) values (78, 91, true);
insert into friend_requests (from_user_id, to_user_id, accepted) values (68, 55, false);
insert into friend_requests (from_user_id, to_user_id, accepted) values (93, 9, false);
insert into friend_requests (from_user_id, to_user_id, accepted) values (17, 24, false);
insert into friend_requests (from_user_id, to_user_id, accepted) values (59, 16, true);
insert into friend_requests (from_user_id, to_user_id, accepted) values (47, 71, true);
insert into friend_requests (from_user_id, to_user_id, accepted) values (70, 93, false);
insert into friend_requests (from_user_id, to_user_id, accepted) values (27, 22, false);
insert into friend_requests (from_user_id, to_user_id, accepted) values (84, 41, false);
insert into friend_requests (from_user_id, to_user_id, accepted) values (100, 19, true);
insert into friend_requests (from_user_id, to_user_id, accepted) values (17, 93, true);
insert into friend_requests (from_user_id, to_user_id, accepted) values (39, 92, true);
insert into friend_requests (from_user_id, to_user_id, accepted) values (3, 11, true);
insert into friend_requests (from_user_id, to_user_id, accepted) values (36, 98, true);
insert into friend_requests (from_user_id, to_user_id, accepted) values (65, 100, true);
insert into friend_requests (from_user_id, to_user_id, accepted) values (35, 94, true);
insert into friend_requests (from_user_id, to_user_id, accepted) values (87, 31, true);
insert into friend_requests (from_user_id, to_user_id, accepted) values (9, 17, true);
insert into friend_requests (from_user_id, to_user_id, accepted) values (97, 4, true);
insert into friend_requests (from_user_id, to_user_id, accepted) values (75, 53, true);
insert into friend_requests (from_user_id, to_user_id, accepted) values (52, 44, true);
insert into friend_requests (from_user_id, to_user_id, accepted) values (23, 66, false);
insert into friend_requests (from_user_id, to_user_id, accepted) values (57, 45, true);
insert into friend_requests (from_user_id, to_user_id, accepted) values (3, 27, false);
insert into friend_requests (from_user_id, to_user_id, accepted) values (96, 60, true);
insert into friend_requests (from_user_id, to_user_id, accepted) values (46, 32, true);
insert into friend_requests (from_user_id, to_user_id, accepted) values (91, 26, false);
insert into friend_requests (from_user_id, to_user_id, accepted) values (37, 83, false);
insert into friend_requests (from_user_id, to_user_id, accepted) values (38, 74, true);
insert into friend_requests (from_user_id, to_user_id, accepted) values (10, 43, false);
insert into friend_requests (from_user_id, to_user_id, accepted) values (27, 99, true);
insert into friend_requests (from_user_id, to_user_id, accepted) values (94, 58, true);
insert into friend_requests (from_user_id, to_user_id, accepted) values (74, 59, false);
insert into friend_requests (from_user_id, to_user_id, accepted) values (99, 99, true);
insert into friend_requests (from_user_id, to_user_id, accepted) values (84, 2, false);
insert into friend_requests (from_user_id, to_user_id, accepted) values (31, 29, false);
insert into friend_requests (from_user_id, to_user_id, accepted) values (37, 23, false);
insert into friend_requests (from_user_id, to_user_id, accepted) values (57, 62, true);
insert into friend_requests (from_user_id, to_user_id, accepted) values (62, 69, true);
insert into friend_requests (from_user_id, to_user_id, accepted) values (17, 67, true);
insert into friend_requests (from_user_id, to_user_id, accepted) values (23, 31, false);
insert into friend_requests (from_user_id, to_user_id, accepted) values (4, 8, false);
insert into friend_requests (from_user_id, to_user_id, accepted) values (93, 65, true);
insert into friend_requests (from_user_id, to_user_id, accepted) values (76, 11, false);
insert into friend_requests (from_user_id, to_user_id, accepted) values (5, 9, true);
insert into friend_requests (from_user_id, to_user_id, accepted) values (63, 18, true);
insert into friend_requests (from_user_id, to_user_id, accepted) values (72, 2, false);
insert into friend_requests (from_user_id, to_user_id, accepted) values (70, 6, true);
insert into friend_requests (from_user_id, to_user_id, accepted) values (37, 57, true);
insert into friend_requests (from_user_id, to_user_id, accepted) values (79, 37, true);
insert into friend_requests (from_user_id, to_user_id, accepted) values (86, 69, true);
insert into friend_requests (from_user_id, to_user_id, accepted) values (46, 12, true);
insert into friend_requests (from_user_id, to_user_id, accepted) values (62, 21, false);
insert into friend_requests (from_user_id, to_user_id, accepted) values (91, 84, true);
insert into friend_requests (from_user_id, to_user_id, accepted) values (63, 2, false);
insert into friend_requests (from_user_id, to_user_id, accepted) values (26, 72, true);
insert into friend_requests (from_user_id, to_user_id, accepted) values (8, 52, false);
insert into friend_requests (from_user_id, to_user_id, accepted) values (8, 60, false);
insert into friend_requests (from_user_id, to_user_id, accepted) values (1, 60, false);
insert into friend_requests (from_user_id, to_user_id, accepted) values (23, 21, false);
insert into friend_requests (from_user_id, to_user_id, accepted) values (24, 7, true);
insert into friend_requests (from_user_id, to_user_id, accepted) values (35, 36, false);
insert into friend_requests (from_user_id, to_user_id, accepted) values (53, 26, false);
insert into friend_requests (from_user_id, to_user_id, accepted) values (11, 55, false);
insert into friend_requests (from_user_id, to_user_id, accepted) values (29, 92, false);
insert into friend_requests (from_user_id, to_user_id, accepted) values (11, 44, false);
insert into friend_requests (from_user_id, to_user_id, accepted) values (28, 47, true);
insert into friend_requests (from_user_id, to_user_id, accepted) values (49, 35, true);
insert into friend_requests (from_user_id, to_user_id, accepted) values (4, 67, false);
insert into friend_requests (from_user_id, to_user_id, accepted) values (55, 25, true);
insert into friend_requests (from_user_id, to_user_id, accepted) values (49, 87, false);
insert into friend_requests (from_user_id, to_user_id, accepted) values (24, 100, true);
insert into friend_requests (from_user_id, to_user_id, accepted) values (77, 53, true);
insert into friend_requests (from_user_id, to_user_id, accepted) values (70, 55, false);
insert into friend_requests (from_user_id, to_user_id, accepted) values (40, 56, true);
insert into friend_requests (from_user_id, to_user_id, accepted) values (87, 74, true);
insert into friend_requests (from_user_id, to_user_id, accepted) values (65, 64, false);
insert into friend_requests (from_user_id, to_user_id, accepted) values (9, 99, false);
insert into friend_requests (from_user_id, to_user_id, accepted) values (21, 1, false);
insert into friend_requests (from_user_id, to_user_id, accepted) values (69, 69, true);
insert into friend_requests (from_user_id, to_user_id, accepted) values (99, 47, false);
insert into friend_requests (from_user_id, to_user_id, accepted) values (4, 99, true);
insert into friend_requests (from_user_id, to_user_id, accepted) values (57, 92, false);
insert into friend_requests (from_user_id, to_user_id, accepted) values (53, 61, false);
insert into friend_requests (from_user_id, to_user_id, accepted) values (74, 70, false);
insert into friend_requests (from_user_id, to_user_id, accepted) values (41, 18, true);
insert into friend_requests (from_user_id, to_user_id, accepted) values (43, 54, false);
insert into friend_requests (from_user_id, to_user_id, accepted) values (36, 57, false);
insert into friend_requests (from_user_id, to_user_id, accepted) values (2, 61, false);
insert into friend_requests (from_user_id, to_user_id, accepted) values (34, 93, true);
insert into friend_requests (from_user_id, to_user_id, accepted) values (31, 85, false);
insert into friend_requests (from_user_id, to_user_id, accepted) values (77, 46, true);
insert into friend_requests (from_user_id, to_user_id, accepted) values (52, 84, false);
insert into friend_requests (from_user_id, to_user_id, accepted) values (29, 28, false);
insert into friend_requests (from_user_id, to_user_id, accepted) values (79, 90, true);
insert into friend_requests (from_user_id, to_user_id, accepted) values (59, 15, true);
insert into friend_requests (from_user_id, to_user_id, accepted) values (95, 26, false);
insert into friend_requests (from_user_id, to_user_id, accepted) values (97, 52, false);
insert into friend_requests (from_user_id, to_user_id, accepted) values (7, 60, true);
insert into friend_requests (from_user_id, to_user_id, accepted) values (9, 95, false);
insert into friend_requests (from_user_id, to_user_id, accepted) values (60, 39, true);
insert into friend_requests (from_user_id, to_user_id, accepted) values (89, 18, false);
insert into friend_requests (from_user_id, to_user_id, accepted) values (3, 25, false);
insert into friend_requests (from_user_id, to_user_id, accepted) values (98, 79, true);
insert into friend_requests (from_user_id, to_user_id, accepted) values (53, 91, false);
insert into friend_requests (from_user_id, to_user_id, accepted) values (7, 28, false);
insert into friend_requests (from_user_id, to_user_id, accepted) values (34, 33, false);
insert into friend_requests (from_user_id, to_user_id, accepted) values (6, 34, true);
insert into friend_requests (from_user_id, to_user_id, accepted) values (43, 61, true);
insert into friend_requests (from_user_id, to_user_id, accepted) values (60, 54, true);
insert into friend_requests (from_user_id, to_user_id, accepted) values (59, 50, false);
insert into friend_requests (from_user_id, to_user_id, accepted) values (55, 56, true);
insert into friend_requests (from_user_id, to_user_id, accepted) values (78, 78, true);
insert into friend_requests (from_user_id, to_user_id, accepted) values (53, 65, true);
insert into friend_requests (from_user_id, to_user_id, accepted) values (90, 21, false);
insert into friend_requests (from_user_id, to_user_id, accepted) values (85, 41, false);
insert into friend_requests (from_user_id, to_user_id, accepted) values (69, 5, true);
insert into friend_requests (from_user_id, to_user_id, accepted) values (78, 100, false);
insert into friend_requests (from_user_id, to_user_id, accepted) values (83, 99, false);
insert into friend_requests (from_user_id, to_user_id, accepted) values (2, 8, false);
insert into friend_requests (from_user_id, to_user_id, accepted) values (44, 41, false);
insert into friend_requests (from_user_id, to_user_id, accepted) values (83, 13, true);
insert into friend_requests (from_user_id, to_user_id, accepted) values (98, 95, false);
insert into friend_requests (from_user_id, to_user_id, accepted) values (9, 76, true);
insert into friend_requests (from_user_id, to_user_id, accepted) values (8, 31, false);
insert into friend_requests (from_user_id, to_user_id, accepted) values (77, 13, true);
insert into friend_requests (from_user_id, to_user_id, accepted) values (7, 61, false);
insert into friend_requests (from_user_id, to_user_id, accepted) values (75, 28, true);
insert into friend_requests (from_user_id, to_user_id, accepted) values (78, 87, true);
insert into friend_requests (from_user_id, to_user_id, accepted) values (87, 97, true);
insert into friend_requests (from_user_id, to_user_id, accepted) values (84, 29, true);
insert into friend_requests (from_user_id, to_user_id, accepted) values (2, 69, true);
insert into messages (id, from_user_id, to_user_id, txt, is_delivered, created_at, update_at) values (1, 100, 15, 'Fall into natural body of water striking bottom causing other injury', 1, '2020-09-11 00:22:01', '2021-01-13 02:15:07');
insert into messages (id, from_user_id, to_user_id, txt, is_delivered, created_at, update_at) values (2, 76, 18, 'Laceration of flexor muscle, fascia and tendon of other finger at wrist and hand level, sequela', 1, '2020-11-02 18:27:07', '2021-05-06 22:45:46');
insert into messages (id, from_user_id, to_user_id, txt, is_delivered, created_at, update_at) values (3, 75, 59, 'Toxic effect of detergents, undetermined, initial encounter', 2, '2020-10-03 19:49:17', '2021-06-25 08:23:40');
insert into messages (id, from_user_id, to_user_id, txt, is_delivered, created_at, update_at) values (4, 19, 11, 'Ring corneal ulcer, right eye', 1, '2020-09-17 06:51:36', '2021-03-21 05:02:34');
insert into messages (id, from_user_id, to_user_id, txt, is_delivered, created_at, update_at) values (5, 83, 61, 'Idiopathic chronic gout, hand', 2, '2021-05-24 16:18:07', '2020-12-16 21:14:55');
insert into messages (id, from_user_id, to_user_id, txt, is_delivered, created_at, update_at) values (6, 20, 76, 'Encounter for prophylactic surgery', 2, '2020-07-23 12:42:44', '2020-11-16 04:38:28');
insert into messages (id, from_user_id, to_user_id, txt, is_delivered, created_at, update_at) values (7, 46, 23, 'Contusion and laceration of right cerebrum with loss of consciousness of any duration with death due to other cause prior to regaining consciousness, initial encounter', 0, '2021-03-07 07:33:09', '2021-01-17 03:01:16');
insert into messages (id, from_user_id, to_user_id, txt, is_delivered, created_at, update_at) values (8, 56, 61, 'Nondisplaced fracture of medial phalanx of left lesser toe(s), subsequent encounter for fracture with delayed healing', 1, '2021-04-10 14:32:51', '2021-04-29 05:20:37');
insert into messages (id, from_user_id, to_user_id, txt, is_delivered, created_at, update_at) values (9, 62, 44, 'Exposure to ignition of highly flammable material, subsequent encounter', 0, '2021-04-14 23:30:08', '2021-01-05 22:05:51');
insert into messages (id, from_user_id, to_user_id, txt, is_delivered, created_at, update_at) values (10, 33, 62, 'Poisoning by other agents primarily acting on the respiratory system, accidental (unintentional), sequela', 1, '2021-03-07 03:16:14', '2021-02-17 08:15:34');
insert into messages (id, from_user_id, to_user_id, txt, is_delivered, created_at, update_at) values (11, 11, 100, 'Strain of muscle(s) and tendon(s) of anterior muscle group at lower leg level, right leg, initial encounter', 1, '2021-06-29 16:41:04', '2020-09-16 19:29:33');
insert into messages (id, from_user_id, to_user_id, txt, is_delivered, created_at, update_at) values (12, 21, 25, 'Lens-induced iridocyclitis', 1, '2021-04-10 05:12:59', '2020-11-14 21:17:58');
insert into messages (id, from_user_id, to_user_id, txt, is_delivered, created_at, update_at) values (13, 4, 93, 'Displaced fracture of neck of right radius', 1, '2020-08-31 19:23:57', '2020-11-22 14:33:11');
insert into messages (id, from_user_id, to_user_id, txt, is_delivered, created_at, update_at) values (14, 77, 5, 'Unspecified open wound of abdominal wall, epigastric region without penetration into peritoneal cavity, sequela', 1, '2021-03-09 16:15:13', '2021-03-18 01:24:14');
insert into messages (id, from_user_id, to_user_id, txt, is_delivered, created_at, update_at) values (15, 93, 45, 'Displaced fracture of shaft of second metacarpal bone, right hand, initial encounter for closed fracture', 0, '2021-06-02 20:15:11', '2021-02-23 07:08:46');
insert into messages (id, from_user_id, to_user_id, txt, is_delivered, created_at, update_at) values (16, 70, 47, 'Dislocation of other and unspecified parts of thorax', 1, '2021-05-07 09:44:36', '2020-09-30 08:26:22');
insert into messages (id, from_user_id, to_user_id, txt, is_delivered, created_at, update_at) values (17, 41, 9, 'Diffuse acute (reversible) ischemia of large intestine', 0, '2020-11-22 00:45:23', '2020-10-09 13:22:40');
insert into messages (id, from_user_id, to_user_id, txt, is_delivered, created_at, update_at) values (18, 78, 65, 'Displaced fracture of unspecified ulna styloid process, subsequent encounter for closed fracture with delayed healing', 2, '2021-06-16 20:00:01', '2021-06-06 17:22:44');
insert into messages (id, from_user_id, to_user_id, txt, is_delivered, created_at, update_at) values (19, 53, 83, 'Nondisplaced fracture of lateral condyle of right femur, subsequent encounter for closed fracture with malunion', 2, '2021-06-29 13:54:49', '2020-10-13 20:50:09');
insert into messages (id, from_user_id, to_user_id, txt, is_delivered, created_at, update_at) values (20, 32, 62, 'Benign neoplasm of mesothelial tissue, unspecified', 2, '2021-04-26 16:14:12', '2021-03-18 04:07:36');
insert into messages (id, from_user_id, to_user_id, txt, is_delivered, created_at, update_at) values (21, 27, 39, 'Nondisplaced segmental fracture of shaft of left fibula, sequela', 1, '2020-08-28 14:26:36', '2020-10-08 10:15:52');
insert into messages (id, from_user_id, to_user_id, txt, is_delivered, created_at, update_at) values (22, 19, 49, 'Nondisplaced fracture of lesser trochanter of unspecified femur, initial encounter for closed fracture', 2, '2020-10-16 04:36:08', '2021-04-18 12:25:41');
insert into messages (id, from_user_id, to_user_id, txt, is_delivered, created_at, update_at) values (23, 68, 71, 'Sprain of jaw, left side', 0, '2020-09-30 05:30:11', '2020-08-04 11:38:59');
insert into messages (id, from_user_id, to_user_id, txt, is_delivered, created_at, update_at) values (24, 56, 20, 'Toxic effect of unspecified spider venom, accidental (unintentional), subsequent encounter', 1, '2020-11-10 23:21:43', '2021-05-24 03:12:22');
insert into messages (id, from_user_id, to_user_id, txt, is_delivered, created_at, update_at) values (25, 12, 77, 'Motorcycle passenger injured in collision with heavy transport vehicle or bus in nontraffic accident', 1, '2021-02-07 21:18:56', '2020-07-27 12:04:59');
insert into messages (id, from_user_id, to_user_id, txt, is_delivered, created_at, update_at) values (26, 65, 69, 'Other chronic hematogenous osteomyelitis, right shoulder', 0, '2020-12-12 07:25:24', '2020-09-08 05:12:35');
insert into messages (id, from_user_id, to_user_id, txt, is_delivered, created_at, update_at) values (27, 82, 35, 'Abnormal immunological findings in cerebrospinal fluid', 0, '2021-06-07 22:16:36', '2021-04-25 04:44:58');
insert into messages (id, from_user_id, to_user_id, txt, is_delivered, created_at, update_at) values (28, 31, 2, 'Poisoning by selective serotonin reuptake inhibitors, undetermined, sequela', 0, '2020-08-16 02:07:25', '2021-06-08 12:50:36');
insert into messages (id, from_user_id, to_user_id, txt, is_delivered, created_at, update_at) values (29, 53, 5, 'Displaced fracture of base of fifth metacarpal bone, right hand', 1, '2021-04-24 22:00:40', '2021-01-06 00:36:13');
insert into messages (id, from_user_id, to_user_id, txt, is_delivered, created_at, update_at) values (30, 22, 75, 'Schmorl''s nodes', 0, '2020-12-20 21:04:09', '2020-12-14 23:03:29');
insert into messages (id, from_user_id, to_user_id, txt, is_delivered, created_at, update_at) values (31, 20, 29, 'Chronic embolism and thrombosis of popliteal vein, bilateral', 2, '2020-07-14 23:17:09', '2021-01-25 11:46:04');
insert into messages (id, from_user_id, to_user_id, txt, is_delivered, created_at, update_at) values (32, 24, 31, 'Family history of other diseases of the respiratory system', 0, '2020-08-29 14:39:52', '2020-12-14 04:43:53');
insert into messages (id, from_user_id, to_user_id, txt, is_delivered, created_at, update_at) values (33, 32, 42, 'Other injury of ascending [right] colon, initial encounter', 0, '2020-09-28 22:35:23', '2021-04-08 14:01:34');
insert into messages (id, from_user_id, to_user_id, txt, is_delivered, created_at, update_at) values (34, 72, 86, 'Maternal care for other rhesus isoimmunization, third trimester, fetus 3', 2, '2020-12-02 06:08:43', '2021-02-22 16:45:59');
insert into messages (id, from_user_id, to_user_id, txt, is_delivered, created_at, update_at) values (35, 24, 24, 'Hemochromatosis, unspecified', 1, '2021-07-03 14:42:22', '2020-11-21 12:11:55');
insert into messages (id, from_user_id, to_user_id, txt, is_delivered, created_at, update_at) values (36, 92, 45, 'Displaced segmental fracture of shaft of unspecified tibia, subsequent encounter for open fracture type IIIA, IIIB, or IIIC with delayed healing', 1, '2020-08-11 22:24:42', '2020-09-20 23:02:25');
insert into messages (id, from_user_id, to_user_id, txt, is_delivered, created_at, update_at) values (37, 11, 95, 'Burn of first degree of head, face, and neck, unspecified site, sequela', 0, '2021-04-06 18:51:39', '2021-06-08 22:18:12');
insert into messages (id, from_user_id, to_user_id, txt, is_delivered, created_at, update_at) values (38, 59, 44, 'Corrosion of third degree of thigh', 1, '2020-12-15 13:30:25', '2021-03-26 15:43:45');
insert into messages (id, from_user_id, to_user_id, txt, is_delivered, created_at, update_at) values (39, 50, 9, 'Rheumatic aortic stenosis with insufficiency', 0, '2021-02-06 18:14:38', '2021-02-15 21:40:13');
insert into messages (id, from_user_id, to_user_id, txt, is_delivered, created_at, update_at) values (40, 38, 26, 'Fall from or off toilet without subsequent striking against object, initial encounter', 2, '2021-05-06 02:41:16', '2020-09-24 02:07:29');
insert into messages (id, from_user_id, to_user_id, txt, is_delivered, created_at, update_at) values (41, 40, 25, 'Influenza due to other identified influenza virus with myocarditis', 0, '2020-09-07 03:13:03', '2021-06-25 13:48:02');
insert into messages (id, from_user_id, to_user_id, txt, is_delivered, created_at, update_at) values (42, 56, 38, 'Contact with and (suspected) exposure to anthrax', 0, '2020-07-12 05:53:37', '2020-08-03 14:49:40');
insert into messages (id, from_user_id, to_user_id, txt, is_delivered, created_at, update_at) values (43, 90, 51, 'Sinus barotrauma, subsequent encounter', 0, '2021-03-10 12:55:11', '2020-12-14 01:34:29');
insert into messages (id, from_user_id, to_user_id, txt, is_delivered, created_at, update_at) values (44, 40, 1, 'Partial physeal arrest, left distal femur', 2, '2021-06-18 14:01:42', '2021-03-22 10:50:57');
insert into messages (id, from_user_id, to_user_id, txt, is_delivered, created_at, update_at) values (45, 6, 51, 'Non-pressure chronic ulcer of unspecified calf with fat layer exposed', 0, '2021-05-26 18:02:05', '2020-07-30 15:26:40');
insert into messages (id, from_user_id, to_user_id, txt, is_delivered, created_at, update_at) values (46, 25, 33, 'Chronic myringitis, left ear', 0, '2020-11-08 02:09:32', '2021-04-14 01:48:05');
insert into messages (id, from_user_id, to_user_id, txt, is_delivered, created_at, update_at) values (47, 13, 58, 'Atherosclerosis of autologous vein bypass graft(s) of the left leg with ulceration', 1, '2020-12-12 15:41:17', '2020-12-25 23:54:13');
insert into messages (id, from_user_id, to_user_id, txt, is_delivered, created_at, update_at) values (48, 81, 65, 'Dislocation of distal interphalangeal joint of unspecified thumb', 0, '2021-03-17 02:21:57', '2020-08-13 23:46:19');
insert into messages (id, from_user_id, to_user_id, txt, is_delivered, created_at, update_at) values (49, 92, 90, 'Salter-Harris Type III physeal fracture of phalanx of unspecified toe, initial encounter for closed fracture', 0, '2020-08-20 10:09:25', '2020-10-08 11:05:07');
insert into messages (id, from_user_id, to_user_id, txt, is_delivered, created_at, update_at) values (50, 20, 67, 'Poisoning by macrolides, assault', 0, '2021-02-10 23:50:51', '2020-12-06 06:41:34');
insert into messages (id, from_user_id, to_user_id, txt, is_delivered, created_at, update_at) values (51, 67, 36, 'Corrosion of unspecified degree of left toe(s) (nail), sequela', 1, '2020-12-13 10:50:19', '2021-07-08 07:44:33');
insert into messages (id, from_user_id, to_user_id, txt, is_delivered, created_at, update_at) values (52, 61, 100, 'Nonrheumatic pulmonary valve stenosis', 1, '2021-05-16 11:17:08', '2021-05-27 06:31:37');
insert into messages (id, from_user_id, to_user_id, txt, is_delivered, created_at, update_at) values (53, 80, 94, 'Unspecified fracture of third metacarpal bone, left hand, initial encounter for closed fracture', 2, '2021-04-17 10:08:19', '2021-01-10 06:37:13');
insert into messages (id, from_user_id, to_user_id, txt, is_delivered, created_at, update_at) values (54, 84, 68, 'Other fracture of unspecified lesser toe(s), sequela', 1, '2021-05-27 11:45:03', '2021-02-11 03:04:48');
insert into messages (id, from_user_id, to_user_id, txt, is_delivered, created_at, update_at) values (55, 78, 99, 'Chronic nephritic syndrome with minor glomerular abnormality', 0, '2021-01-13 00:49:06', '2020-11-09 04:22:37');
insert into messages (id, from_user_id, to_user_id, txt, is_delivered, created_at, update_at) values (56, 89, 31, 'Unspecified superficial injury of left foot, initial encounter', 1, '2020-10-20 21:49:29', '2020-12-14 06:47:02');
insert into messages (id, from_user_id, to_user_id, txt, is_delivered, created_at, update_at) values (57, 30, 98, 'Burn due to other powered watercraft on fire, subsequent encounter', 1, '2021-03-02 04:40:00', '2020-09-15 21:44:43');
insert into messages (id, from_user_id, to_user_id, txt, is_delivered, created_at, update_at) values (58, 50, 47, 'Displaced spiral fracture of shaft of radius, left arm, subsequent encounter for closed fracture with malunion', 1, '2021-04-18 19:46:49', '2021-02-22 04:07:27');
insert into messages (id, from_user_id, to_user_id, txt, is_delivered, created_at, update_at) values (59, 23, 45, 'Glaucoma secondary to eye trauma, left eye, severe stage', 1, '2020-07-12 10:38:08', '2021-06-15 18:03:25');
insert into messages (id, from_user_id, to_user_id, txt, is_delivered, created_at, update_at) values (60, 9, 6, 'Abscess of bursa, left ankle and foot', 2, '2020-08-26 20:37:29', '2020-08-22 05:46:28');
insert into messages (id, from_user_id, to_user_id, txt, is_delivered, created_at, update_at) values (61, 48, 25, 'Barton''s fracture of left radius, initial encounter for closed fracture', 1, '2020-11-15 11:29:24', '2021-02-02 06:32:55');
insert into messages (id, from_user_id, to_user_id, txt, is_delivered, created_at, update_at) values (62, 94, 27, 'Poisoning by anthelminthics, undetermined, sequela', 2, '2021-06-23 11:09:16', '2020-10-24 19:48:00');
insert into messages (id, from_user_id, to_user_id, txt, is_delivered, created_at, update_at) values (63, 80, 24, 'Injury of radial nerve at wrist and hand level of right arm, subsequent encounter', 0, '2021-05-31 03:52:47', '2020-12-01 05:17:48');
insert into messages (id, from_user_id, to_user_id, txt, is_delivered, created_at, update_at) values (64, 68, 9, 'Peliosis hepatis', 0, '2021-04-06 08:49:03', '2020-07-29 12:25:39');
insert into messages (id, from_user_id, to_user_id, txt, is_delivered, created_at, update_at) values (65, 50, 76, 'Displaced bicondylar fracture of right tibia, subsequent encounter for open fracture type IIIA, IIIB, or IIIC with delayed healing', 1, '2021-02-22 06:45:26', '2020-09-12 09:06:11');
insert into messages (id, from_user_id, to_user_id, txt, is_delivered, created_at, update_at) values (66, 20, 87, 'Central subluxation of unspecified hip, subsequent encounter', 0, '2020-12-07 18:51:31', '2021-02-10 14:57:02');
insert into messages (id, from_user_id, to_user_id, txt, is_delivered, created_at, update_at) values (67, 17, 21, 'Fracture of condylar process of mandible, unspecified side, subsequent encounter for fracture with delayed healing', 1, '2020-09-03 08:24:39', '2021-02-17 03:32:02');
insert into messages (id, from_user_id, to_user_id, txt, is_delivered, created_at, update_at) values (68, 46, 23, 'Corrosion of second degree of multiple sites of left shoulder and upper limb, except wrist and hand, sequela', 2, '2021-02-22 03:01:42', '2021-03-30 04:08:12');
insert into messages (id, from_user_id, to_user_id, txt, is_delivered, created_at, update_at) values (69, 30, 9, 'Dissociated nystagmus', 1, '2021-05-11 20:42:05', '2020-09-24 12:23:06');
insert into messages (id, from_user_id, to_user_id, txt, is_delivered, created_at, update_at) values (70, 66, 54, 'Unspecified open wound of unspecified cheek and temporomandibular area', 1, '2021-01-19 00:45:07', '2020-10-05 16:23:06');
insert into messages (id, from_user_id, to_user_id, txt, is_delivered, created_at, update_at) values (71, 5, 19, 'Glider (nonpowered) explosion injuring occupant, sequela', 1, '2020-12-30 16:12:27', '2020-08-10 17:35:43');
insert into messages (id, from_user_id, to_user_id, txt, is_delivered, created_at, update_at) values (72, 84, 48, 'Puncture wound without foreign body of unspecified finger with damage to nail, sequela', 1, '2020-09-13 20:47:50', '2020-10-28 00:02:12');
insert into messages (id, from_user_id, to_user_id, txt, is_delivered, created_at, update_at) values (73, 74, 19, 'Salter-Harris Type III physeal fracture of lower end of left tibia, subsequent encounter for fracture with delayed healing', 2, '2021-01-22 05:45:04', '2020-09-22 22:56:31');
insert into messages (id, from_user_id, to_user_id, txt, is_delivered, created_at, update_at) values (74, 85, 29, 'Toxic effect of venom of other arthropod, intentional self-harm, initial encounter', 2, '2021-03-16 08:51:38', '2020-07-17 19:28:05');
insert into messages (id, from_user_id, to_user_id, txt, is_delivered, created_at, update_at) values (75, 41, 48, 'Laceration with foreign body, left knee, initial encounter', 0, '2020-09-05 04:23:13', '2021-01-25 14:58:38');
insert into messages (id, from_user_id, to_user_id, txt, is_delivered, created_at, update_at) values (76, 8, 51, 'Laceration of vein at forearm level, right arm, sequela', 0, '2021-01-24 03:15:14', '2020-07-19 22:25:47');
insert into messages (id, from_user_id, to_user_id, txt, is_delivered, created_at, update_at) values (77, 80, 19, 'Other specified bursopathies, right wrist', 2, '2021-03-26 08:20:28', '2021-02-08 02:45:00');
insert into messages (id, from_user_id, to_user_id, txt, is_delivered, created_at, update_at) values (78, 96, 4, 'Displaced fracture of epiphysis (separation) (upper) of left femur, initial encounter for closed fracture', 1, '2021-01-04 22:17:22', '2021-02-09 20:46:24');
insert into messages (id, from_user_id, to_user_id, txt, is_delivered, created_at, update_at) values (79, 81, 8, 'Chondromalacia patellae, unspecified knee', 0, '2020-12-14 05:00:50', '2021-03-29 00:43:06');
insert into messages (id, from_user_id, to_user_id, txt, is_delivered, created_at, update_at) values (80, 90, 12, 'Derangement of anterior horn of medial meniscus due to old tear or injury', 2, '2021-06-15 19:28:43', '2021-02-04 23:17:55');
insert into messages (id, from_user_id, to_user_id, txt, is_delivered, created_at, update_at) values (81, 62, 14, 'Meniere''s disease, left ear', 0, '2021-05-14 05:00:54', '2020-11-16 09:09:03');
insert into messages (id, from_user_id, to_user_id, txt, is_delivered, created_at, update_at) values (82, 65, 61, 'Driver of heavy transport vehicle injured in collision with other nonmotor vehicle in nontraffic accident', 1, '2020-09-06 11:04:29', '2021-04-05 09:14:50');
insert into messages (id, from_user_id, to_user_id, txt, is_delivered, created_at, update_at) values (83, 24, 47, 'Hypermobility syndrome', 2, '2021-01-15 12:51:15', '2021-01-15 00:53:02');
insert into messages (id, from_user_id, to_user_id, txt, is_delivered, created_at, update_at) values (84, 64, 71, 'Corrosion of first degree of back of unspecified hand, subsequent encounter', 1, '2020-08-10 05:10:57', '2021-03-14 08:56:47');
insert into messages (id, from_user_id, to_user_id, txt, is_delivered, created_at, update_at) values (85, 41, 39, 'Pathological fracture, right hand, subsequent encounter for fracture with nonunion', 1, '2021-03-01 03:19:39', '2021-02-24 05:40:25');
insert into messages (id, from_user_id, to_user_id, txt, is_delivered, created_at, update_at) values (86, 24, 51, 'Arthropathies in other specified diseases classified elsewhere, unspecified site', 1, '2020-11-12 12:37:52', '2021-06-28 19:07:30');
insert into messages (id, from_user_id, to_user_id, txt, is_delivered, created_at, update_at) values (87, 50, 3, 'Displaced fracture of distal phalanx of left index finger, subsequent encounter for fracture with malunion', 1, '2021-05-16 18:48:09', '2021-05-11 21:56:25');
insert into messages (id, from_user_id, to_user_id, txt, is_delivered, created_at, update_at) values (88, 60, 63, 'Juvenile arthritis, unspecified, right shoulder', 0, '2021-06-19 08:26:12', '2020-09-09 20:46:34');
insert into messages (id, from_user_id, to_user_id, txt, is_delivered, created_at, update_at) values (89, 62, 5, 'Puncture wound with foreign body of left middle finger with damage to nail', 1, '2020-12-04 20:36:42', '2021-01-19 01:39:39');
insert into messages (id, from_user_id, to_user_id, txt, is_delivered, created_at, update_at) values (90, 7, 51, 'Unspecified injury of branches of celiac and mesenteric artery', 2, '2020-08-30 12:19:51', '2021-02-08 11:48:32');
insert into messages (id, from_user_id, to_user_id, txt, is_delivered, created_at, update_at) values (91, 27, 42, 'Deformity of right orbit due to trauma or surgery', 1, '2020-09-03 18:56:00', '2020-10-02 02:19:39');
insert into messages (id, from_user_id, to_user_id, txt, is_delivered, created_at, update_at) values (92, 46, 57, 'Nondisplaced fracture of greater trochanter of right femur, initial encounter for open fracture type I or II', 2, '2021-02-28 21:15:56', '2020-12-05 19:19:42');
insert into messages (id, from_user_id, to_user_id, txt, is_delivered, created_at, update_at) values (93, 6, 43, 'Laceration without foreign body of abdominal wall, right upper quadrant with penetration into peritoneal cavity, sequela', 0, '2021-04-20 21:16:53', '2020-12-26 17:04:49');
insert into messages (id, from_user_id, to_user_id, txt, is_delivered, created_at, update_at) values (94, 32, 48, 'Fracture of radius or ulna following insertion of orthopedic implant, joint prosthesis, or bone plate, right arm', 1, '2020-08-15 15:27:46', '2021-01-16 11:38:17');
insert into messages (id, from_user_id, to_user_id, txt, is_delivered, created_at, update_at) values (95, 15, 85, 'Embolism due to internal orthopedic prosthetic devices, implants and grafts, initial encounter', 1, '2020-12-04 20:16:40', '2021-03-28 09:38:13');
insert into messages (id, from_user_id, to_user_id, txt, is_delivered, created_at, update_at) values (96, 88, 40, 'Other problems related to lifestyle', 1, '2021-04-08 11:54:43', '2020-08-26 18:36:34');
insert into messages (id, from_user_id, to_user_id, txt, is_delivered, created_at, update_at) values (97, 11, 53, 'Salter-Harris Type III physeal fracture of right calcaneus, subsequent encounter for fracture with nonunion', 2, '2021-05-24 05:17:55', '2020-08-08 15:46:28');
insert into messages (id, from_user_id, to_user_id, txt, is_delivered, created_at, update_at) values (98, 43, 52, 'Corridor of hospital as the place of occurrence of the external cause', 2, '2020-07-15 04:28:02', '2020-09-19 14:22:10');
insert into messages (id, from_user_id, to_user_id, txt, is_delivered, created_at, update_at) values (99, 41, 59, 'Other injury of diaphragm, subsequent encounter', 0, '2021-04-02 10:21:50', '2020-08-26 21:17:41');
insert into messages (id, from_user_id, to_user_id, txt, is_delivered, created_at, update_at) values (100, 74, 88, 'Unspecified injury of flexor muscle, fascia and tendon of left thumb at forearm level', 0, '2021-04-08 11:36:37', '2021-03-30 11:13:40');
insert into messages (id, from_user_id, to_user_id, txt, is_delivered, created_at, update_at) values (101, 17, 50, 'Other stimulant use, unspecified with stimulant-induced psychotic disorder with delusions', 1, '2020-10-24 22:33:34', '2020-10-31 21:46:41');
insert into messages (id, from_user_id, to_user_id, txt, is_delivered, created_at, update_at) values (102, 70, 53, 'Osteonecrosis in diseases classified elsewhere, unspecified lower leg', 1, '2020-12-01 04:56:45', '2021-01-18 10:46:33');
insert into messages (id, from_user_id, to_user_id, txt, is_delivered, created_at, update_at) values (103, 80, 85, 'Blister (nonthermal) of right ear, initial encounter', 1, '2020-09-16 21:08:34', '2020-12-01 04:13:49');
insert into messages (id, from_user_id, to_user_id, txt, is_delivered, created_at, update_at) values (104, 74, 84, 'Displaced comminuted fracture of shaft of ulna, unspecified arm, subsequent encounter for open fracture type I or II with malunion', 1, '2021-02-06 03:39:58', '2021-05-14 22:28:28');
insert into messages (id, from_user_id, to_user_id, txt, is_delivered, created_at, update_at) values (105, 87, 97, 'Person on outside of pick-up truck or van injured in collision with fixed or stationary object in nontraffic accident, subsequent encounter', 0, '2020-08-14 22:39:53', '2020-10-03 09:32:38');
insert into messages (id, from_user_id, to_user_id, txt, is_delivered, created_at, update_at) values (106, 40, 1, 'Other atresia of aorta', 0, '2021-05-04 20:25:03', '2020-11-04 03:36:31');
insert into messages (id, from_user_id, to_user_id, txt, is_delivered, created_at, update_at) values (107, 72, 21, 'Nondisplaced other fracture of tuberosity of right calcaneus, subsequent encounter for fracture with malunion', 1, '2021-02-24 19:21:23', '2021-01-31 17:14:35');
insert into messages (id, from_user_id, to_user_id, txt, is_delivered, created_at, update_at) values (108, 26, 74, 'Poisoning by other estrogens and progestogens, intentional self-harm, sequela', 2, '2021-02-09 01:13:33', '2020-08-04 01:53:29');
insert into messages (id, from_user_id, to_user_id, txt, is_delivered, created_at, update_at) values (109, 57, 65, 'Contusion of left lower leg, subsequent encounter', 0, '2020-12-14 12:31:09', '2021-04-24 05:39:34');
insert into messages (id, from_user_id, to_user_id, txt, is_delivered, created_at, update_at) values (110, 50, 26, 'Athetoid cerebral palsy', 0, '2020-09-11 21:08:31', '2020-11-15 05:32:32');
insert into messages (id, from_user_id, to_user_id, txt, is_delivered, created_at, update_at) values (111, 100, 4, 'Hydroxyapatite deposition disease, left hand', 1, '2020-09-01 19:20:39', '2020-11-19 01:40:07');
insert into messages (id, from_user_id, to_user_id, txt, is_delivered, created_at, update_at) values (112, 8, 38, 'Displaced transverse fracture of shaft of humerus, right arm, sequela', 1, '2020-10-23 07:52:22', '2021-03-06 12:00:50');
insert into messages (id, from_user_id, to_user_id, txt, is_delivered, created_at, update_at) values (113, 92, 85, 'Otalgia', 0, '2021-06-07 17:11:38', '2021-05-29 06:59:37');
insert into messages (id, from_user_id, to_user_id, txt, is_delivered, created_at, update_at) values (114, 72, 24, 'Dislocation of metatarsophalangeal joint of unspecified lesser toe(s)', 0, '2020-10-10 21:24:20', '2021-06-10 18:46:51');
insert into messages (id, from_user_id, to_user_id, txt, is_delivered, created_at, update_at) values (115, 1, 23, 'Yaws', 1, '2020-12-28 19:47:05', '2021-05-09 05:09:30');
insert into messages (id, from_user_id, to_user_id, txt, is_delivered, created_at, update_at) values (116, 14, 1, 'Displaced fracture of lateral malleolus of right fibula', 0, '2021-06-25 06:30:33', '2020-08-31 14:25:36');
insert into messages (id, from_user_id, to_user_id, txt, is_delivered, created_at, update_at) values (117, 23, 47, 'Car driver injured in collision with railway train or railway vehicle in traffic accident, initial encounter', 1, '2021-01-02 23:15:04', '2020-08-24 05:51:49');
insert into messages (id, from_user_id, to_user_id, txt, is_delivered, created_at, update_at) values (118, 25, 55, 'Newborn light for gestational age, 1500-1749 grams', 2, '2021-02-14 03:21:55', '2020-11-02 06:48:59');
insert into messages (id, from_user_id, to_user_id, txt, is_delivered, created_at, update_at) values (119, 48, 79, 'Minor laceration of femoral vein at hip and thigh level, unspecified leg, sequela', 0, '2021-05-28 04:27:47', '2021-01-28 05:58:13');
insert into messages (id, from_user_id, to_user_id, txt, is_delivered, created_at, update_at) values (120, 31, 65, 'Fall on board unspecified watercraft', 1, '2020-09-12 20:59:33', '2021-07-05 20:31:27');
insert into messages (id, from_user_id, to_user_id, txt, is_delivered, created_at, update_at) values (121, 10, 77, 'Injury of radial artery at wrist and hand level', 2, '2020-08-26 03:57:41', '2020-11-18 02:22:44');
insert into messages (id, from_user_id, to_user_id, txt, is_delivered, created_at, update_at) values (122, 80, 95, 'Complete traumatic amputation at level between left shoulder and elbow', 0, '2020-08-29 10:25:32', '2020-10-24 16:47:49');
insert into messages (id, from_user_id, to_user_id, txt, is_delivered, created_at, update_at) values (123, 18, 34, 'Azoospermia due to extratesticular causes', 2, '2020-10-09 13:42:43', '2020-11-21 13:41:37');
insert into messages (id, from_user_id, to_user_id, txt, is_delivered, created_at, update_at) values (124, 39, 85, 'Underdosing of unspecified fibrinolysis-affecting drugs, initial encounter', 1, '2021-02-04 00:47:08', '2021-04-30 09:30:50');
insert into messages (id, from_user_id, to_user_id, txt, is_delivered, created_at, update_at) values (125, 42, 67, 'Displaced transverse fracture of shaft of right femur, subsequent encounter for open fracture type IIIA, IIIB, or IIIC with nonunion', 0, '2020-09-13 20:39:33', '2021-06-30 03:07:11');
insert into messages (id, from_user_id, to_user_id, txt, is_delivered, created_at, update_at) values (126, 100, 47, 'Burns of other specified parts of right eye and adnexa, subsequent encounter', 2, '2020-12-02 03:25:10', '2021-07-06 03:17:19');
insert into messages (id, from_user_id, to_user_id, txt, is_delivered, created_at, update_at) values (127, 14, 36, 'Encounter for general adult medical examination with abnormal findings', 2, '2021-05-29 04:30:08', '2021-03-16 10:39:42');
insert into messages (id, from_user_id, to_user_id, txt, is_delivered, created_at, update_at) values (128, 42, 56, 'Nondisplaced fracture (avulsion) of lateral epicondyle of left humerus', 1, '2020-08-20 19:39:58', '2021-04-22 08:40:03');
insert into messages (id, from_user_id, to_user_id, txt, is_delivered, created_at, update_at) values (129, 61, 97, 'Dependence on supplemental oxygen', 1, '2020-11-20 19:08:22', '2021-04-12 17:02:36');
insert into messages (id, from_user_id, to_user_id, txt, is_delivered, created_at, update_at) values (130, 43, 78, 'Toxic effect of other insecticides, undetermined, sequela', 0, '2021-06-02 20:28:51', '2020-09-28 02:16:40');
insert into messages (id, from_user_id, to_user_id, txt, is_delivered, created_at, update_at) values (131, 50, 39, 'Unspecified fracture of left foot, subsequent encounter for fracture with routine healing', 1, '2021-03-04 01:18:41', '2020-07-18 23:37:59');
insert into messages (id, from_user_id, to_user_id, txt, is_delivered, created_at, update_at) values (132, 1, 55, 'Maternal care for excessive fetal growth, third trimester, fetus 5', 2, '2020-12-18 15:58:50', '2021-06-27 05:50:07');
insert into messages (id, from_user_id, to_user_id, txt, is_delivered, created_at, update_at) values (133, 36, 34, 'Unspecified cholesteatoma, bilateral', 2, '2021-04-11 09:15:57', '2021-03-06 07:15:17');
insert into messages (id, from_user_id, to_user_id, txt, is_delivered, created_at, update_at) values (134, 56, 2, 'Poisoning by antihyperlipidemic and antiarteriosclerotic drugs, assault, sequela', 1, '2020-12-13 23:57:42', '2021-05-14 04:45:18');
insert into messages (id, from_user_id, to_user_id, txt, is_delivered, created_at, update_at) values (135, 78, 9, 'Torus fracture of upper end of right humerus, sequela', 1, '2021-04-06 09:15:39', '2021-03-03 12:22:47');
insert into messages (id, from_user_id, to_user_id, txt, is_delivered, created_at, update_at) values (136, 3, 26, 'Displaced fracture of lunate [semilunar], right wrist, sequela', 1, '2021-03-06 05:41:39', '2020-10-03 18:07:24');
insert into messages (id, from_user_id, to_user_id, txt, is_delivered, created_at, update_at) values (137, 19, 76, 'Dysarthria following unspecified cerebrovascular disease', 0, '2021-02-26 18:59:59', '2020-11-26 11:33:20');
insert into messages (id, from_user_id, to_user_id, txt, is_delivered, created_at, update_at) values (138, 62, 48, 'Burn of third degree of left hand, unspecified site, sequela', 0, '2021-07-04 14:27:23', '2021-03-25 08:42:52');
insert into messages (id, from_user_id, to_user_id, txt, is_delivered, created_at, update_at) values (139, 88, 28, 'Salter-Harris Type I physeal fracture of right calcaneus, initial encounter for closed fracture', 1, '2021-02-03 09:53:25', '2021-06-13 16:41:40');
insert into messages (id, from_user_id, to_user_id, txt, is_delivered, created_at, update_at) values (140, 70, 69, 'Other displaced fracture of base of first metacarpal bone, right hand, subsequent encounter for fracture with malunion', 0, '2021-06-18 12:59:30', '2020-11-25 11:17:31');
insert into messages (id, from_user_id, to_user_id, txt, is_delivered, created_at, update_at) values (141, 15, 68, 'Injury of facial nerve, unspecified side, subsequent encounter', 1, '2021-05-11 07:11:21', '2020-11-23 14:44:45');
insert into messages (id, from_user_id, to_user_id, txt, is_delivered, created_at, update_at) values (142, 98, 50, 'Pathological fracture, left finger(s), subsequent encounter for fracture with malunion', 0, '2020-12-27 03:15:47', '2021-01-10 12:56:25');
insert into messages (id, from_user_id, to_user_id, txt, is_delivered, created_at, update_at) values (143, 69, 59, 'Other traumatic nondisplaced spondylolisthesis of sixth cervical vertebra', 0, '2020-10-20 17:31:33', '2021-01-09 20:48:10');
insert into messages (id, from_user_id, to_user_id, txt, is_delivered, created_at, update_at) values (144, 95, 88, 'External constriction of unspecified front wall of thorax, initial encounter', 0, '2021-04-25 14:16:28', '2021-01-22 11:23:06');
insert into messages (id, from_user_id, to_user_id, txt, is_delivered, created_at, update_at) values (145, 23, 70, 'Crushing injury of unspecified hip with thigh', 1, '2020-12-11 10:38:08', '2021-04-10 22:56:01');
insert into messages (id, from_user_id, to_user_id, txt, is_delivered, created_at, update_at) values (146, 55, 14, 'Injury of other nerves at shoulder and upper arm level, left arm, subsequent encounter', 0, '2021-06-09 19:28:21', '2020-10-12 09:43:04');
insert into messages (id, from_user_id, to_user_id, txt, is_delivered, created_at, update_at) values (147, 4, 1, 'Nondisplaced fracture of glenoid cavity of scapula, left shoulder, initial encounter for open fracture', 0, '2020-08-07 20:33:59', '2021-02-02 03:32:12');
insert into messages (id, from_user_id, to_user_id, txt, is_delivered, created_at, update_at) values (148, 98, 52, 'Inhalant abuse with inhalant-induced psychotic disorder', 1, '2021-01-28 12:00:52', '2021-05-10 03:16:39');
insert into messages (id, from_user_id, to_user_id, txt, is_delivered, created_at, update_at) values (149, 26, 81, 'Other specified anomalies of jaw-cranial base relationship', 0, '2021-01-11 01:32:38', '2020-08-19 05:57:29');
insert into messages (id, from_user_id, to_user_id, txt, is_delivered, created_at, update_at) values (150, 59, 72, 'Stem cells transplant status', 2, '2020-10-23 16:10:14', '2020-11-02 18:49:46');
insert into messages (id, from_user_id, to_user_id, txt, is_delivered, created_at, update_at) values (151, 41, 62, 'Toxic effect of other metals, accidental (unintentional), subsequent encounter', 0, '2020-11-29 10:36:32', '2021-02-14 21:06:02');
insert into messages (id, from_user_id, to_user_id, txt, is_delivered, created_at, update_at) values (152, 97, 38, 'Adult-onset Still''s disease', 1, '2020-10-16 17:48:04', '2021-06-12 20:09:11');
insert into messages (id, from_user_id, to_user_id, txt, is_delivered, created_at, update_at) values (153, 25, 88, 'Congenital dislocation of hip, bilateral', 1, '2020-11-04 01:52:43', '2021-05-17 12:33:39');
insert into messages (id, from_user_id, to_user_id, txt, is_delivered, created_at, update_at) values (154, 97, 48, 'War operations involving unarmed hand to hand combat, civilian', 2, '2020-09-21 11:40:21', '2020-12-10 08:57:31');
insert into messages (id, from_user_id, to_user_id, txt, is_delivered, created_at, update_at) values (155, 23, 43, 'Nondisplaced spiral fracture of shaft of right tibia, subsequent encounter for closed fracture with routine healing', 0, '2021-01-30 01:50:21', '2021-03-10 05:34:39');
insert into messages (id, from_user_id, to_user_id, txt, is_delivered, created_at, update_at) values (156, 32, 67, 'Nondisplaced fracture of left tibial spine, subsequent encounter for open fracture type IIIA, IIIB, or IIIC with delayed healing', 1, '2020-07-20 11:04:05', '2020-11-22 19:50:09');
insert into messages (id, from_user_id, to_user_id, txt, is_delivered, created_at, update_at) values (157, 49, 74, 'Contact with sharp object, undetermined intent', 2, '2020-12-16 15:35:05', '2021-06-11 17:35:16');
insert into messages (id, from_user_id, to_user_id, txt, is_delivered, created_at, update_at) values (158, 17, 10, 'Other disorders following mastoidectomy, left ear', 0, '2021-01-29 23:31:43', '2021-06-27 23:22:04');
insert into messages (id, from_user_id, to_user_id, txt, is_delivered, created_at, update_at) values (159, 2, 56, 'Displaced apophyseal fracture of unspecified femur, subsequent encounter for open fracture type IIIA, IIIB, or IIIC with nonunion', 0, '2021-02-22 06:36:40', '2021-03-13 19:51:40');
insert into messages (id, from_user_id, to_user_id, txt, is_delivered, created_at, update_at) values (160, 47, 71, 'Other burn on board other powered watercraft, sequela', 2, '2021-01-19 20:35:33', '2020-12-20 10:31:34');
insert into messages (id, from_user_id, to_user_id, txt, is_delivered, created_at, update_at) values (161, 5, 5, 'Villonodular synovitis (pigmented), right ankle and foot', 2, '2021-06-11 05:12:11', '2020-08-20 04:34:31');
insert into messages (id, from_user_id, to_user_id, txt, is_delivered, created_at, update_at) values (162, 23, 18, 'Underdosing of other drug primarily affecting the autonomic nervous system', 2, '2020-08-14 14:33:48', '2020-10-23 11:56:03');
insert into messages (id, from_user_id, to_user_id, txt, is_delivered, created_at, update_at) values (163, 48, 66, 'Contusion of lung, unspecified, subsequent encounter', 2, '2020-10-26 10:34:19', '2021-04-01 14:03:22');
insert into messages (id, from_user_id, to_user_id, txt, is_delivered, created_at, update_at) values (164, 52, 85, 'Chronic venous hypertension (idiopathic) with ulcer of unspecified lower extremity', 1, '2021-01-21 09:15:50', '2020-12-05 00:34:04');
insert into messages (id, from_user_id, to_user_id, txt, is_delivered, created_at, update_at) values (165, 25, 17, 'Unspecified fracture of upper end of right ulna, subsequent encounter for open fracture type IIIA, IIIB, or IIIC with delayed healing', 2, '2020-12-09 18:31:12', '2021-02-06 15:36:02');
insert into messages (id, from_user_id, to_user_id, txt, is_delivered, created_at, update_at) values (166, 9, 94, 'Contusion of right great toe without damage to nail, initial encounter', 2, '2020-08-03 23:39:30', '2021-04-02 17:36:22');
insert into messages (id, from_user_id, to_user_id, txt, is_delivered, created_at, update_at) values (167, 85, 7, 'Acquired absence of left breast and nipple', 0, '2021-04-02 09:09:45', '2021-05-24 02:17:28');
insert into messages (id, from_user_id, to_user_id, txt, is_delivered, created_at, update_at) values (168, 41, 32, 'Flail joint', 2, '2021-06-02 11:28:53', '2020-11-27 02:32:08');
insert into messages (id, from_user_id, to_user_id, txt, is_delivered, created_at, update_at) values (169, 17, 3, 'Other physeal fracture of upper end of humerus, unspecified arm', 1, '2020-08-22 06:06:31', '2021-05-07 21:47:52');
insert into messages (id, from_user_id, to_user_id, txt, is_delivered, created_at, update_at) values (170, 10, 86, 'Bitten by pig, initial encounter', 2, '2020-10-08 09:18:43', '2020-08-26 04:54:39');
insert into messages (id, from_user_id, to_user_id, txt, is_delivered, created_at, update_at) values (171, 70, 100, 'Displaced fracture of epiphysis (separation) (upper) of unspecified femur, subsequent encounter for closed fracture with nonunion', 0, '2021-07-07 01:18:32', '2021-04-29 01:21:39');
insert into messages (id, from_user_id, to_user_id, txt, is_delivered, created_at, update_at) values (172, 84, 52, 'Maternal care for disproportion, unspecified', 0, '2020-11-03 20:02:36', '2020-08-19 11:28:35');
insert into messages (id, from_user_id, to_user_id, txt, is_delivered, created_at, update_at) values (173, 19, 9, 'Cardiac arrest following complete or unspecified spontaneous abortion', 1, '2021-05-31 18:01:13', '2021-05-17 23:01:48');
insert into messages (id, from_user_id, to_user_id, txt, is_delivered, created_at, update_at) values (174, 4, 17, 'Congenital renal failure', 2, '2021-04-18 10:01:41', '2021-05-09 16:08:29');
insert into messages (id, from_user_id, to_user_id, txt, is_delivered, created_at, update_at) values (175, 76, 43, 'Postcardiotomy syndrome', 0, '2020-12-24 08:25:22', '2021-01-18 23:33:19');
insert into messages (id, from_user_id, to_user_id, txt, is_delivered, created_at, update_at) values (176, 42, 95, 'Displaced fracture of base of neck of unspecified femur, subsequent encounter for open fracture type IIIA, IIIB, or IIIC with routine healing', 1, '2021-02-11 21:30:04', '2020-10-10 02:29:27');
insert into messages (id, from_user_id, to_user_id, txt, is_delivered, created_at, update_at) values (177, 78, 98, 'Other specified injury of peroneal artery, right leg, subsequent encounter', 2, '2021-07-09 16:56:43', '2020-09-28 18:20:50');
insert into messages (id, from_user_id, to_user_id, txt, is_delivered, created_at, update_at) values (178, 9, 82, 'Physeal fracture of lower end of ulna', 2, '2021-02-22 22:45:50', '2020-12-04 05:19:08');
insert into messages (id, from_user_id, to_user_id, txt, is_delivered, created_at, update_at) values (179, 32, 50, 'Other specified injury of other blood vessels at wrist and hand level', 0, '2021-03-08 12:01:31', '2021-04-11 05:51:02');
insert into messages (id, from_user_id, to_user_id, txt, is_delivered, created_at, update_at) values (180, 11, 79, 'Dislocation of other parts of right shoulder girdle, subsequent encounter', 2, '2020-07-17 01:16:09', '2020-10-31 01:30:40');
insert into messages (id, from_user_id, to_user_id, txt, is_delivered, created_at, update_at) values (181, 97, 55, 'Nondisplaced fracture of head of unspecified radius, subsequent encounter for open fracture type IIIA, IIIB, or IIIC with delayed healing', 2, '2021-07-07 04:01:50', '2020-09-10 11:09:07');
insert into messages (id, from_user_id, to_user_id, txt, is_delivered, created_at, update_at) values (182, 60, 89, 'Other injury of extensor or abductor muscles, fascia and tendons of thumb at forearm level', 0, '2020-12-23 20:32:43', '2021-07-02 20:38:52');
insert into messages (id, from_user_id, to_user_id, txt, is_delivered, created_at, update_at) values (183, 73, 52, 'Nondisplaced fracture of proximal phalanx of right ring finger, initial encounter for open fracture', 0, '2021-05-24 23:07:52', '2021-06-28 10:55:15');
insert into messages (id, from_user_id, to_user_id, txt, is_delivered, created_at, update_at) values (184, 33, 71, 'Other injury of flexor muscle, fascia and tendon of right index finger at wrist and hand level, subsequent encounter', 0, '2021-01-01 23:13:07', '2020-10-06 19:37:50');
insert into messages (id, from_user_id, to_user_id, txt, is_delivered, created_at, update_at) values (185, 34, 62, 'Bipolar disorder, current episode depressed, severe, with psychotic features', 2, '2021-03-10 07:34:40', '2021-05-07 13:48:15');
insert into messages (id, from_user_id, to_user_id, txt, is_delivered, created_at, update_at) values (186, 47, 13, 'Salter-Harris Type IV physeal fracture of lower end of humerus, right arm, subsequent encounter for fracture with malunion', 2, '2021-04-05 10:55:52', '2020-12-14 05:33:09');
insert into messages (id, from_user_id, to_user_id, txt, is_delivered, created_at, update_at) values (187, 15, 30, 'Unspecified early complication of trauma, subsequent encounter', 0, '2020-10-10 10:20:35', '2021-01-25 18:14:16');
insert into messages (id, from_user_id, to_user_id, txt, is_delivered, created_at, update_at) values (188, 61, 25, 'Laceration of other blood vessels at wrist and hand level of unspecified arm', 0, '2020-10-01 02:58:54', '2021-06-05 08:37:37');
insert into messages (id, from_user_id, to_user_id, txt, is_delivered, created_at, update_at) values (189, 76, 43, 'Displacement of other vascular grafts, subsequent encounter', 1, '2021-01-07 11:24:33', '2020-09-22 03:36:14');
insert into messages (id, from_user_id, to_user_id, txt, is_delivered, created_at, update_at) values (190, 95, 29, 'Underdosing of other fibrinolysis-affecting drugs, initial encounter', 2, '2021-01-10 00:57:07', '2020-07-23 01:30:48');
insert into messages (id, from_user_id, to_user_id, txt, is_delivered, created_at, update_at) values (191, 51, 32, 'Laceration with foreign body, left foot, subsequent encounter', 1, '2020-11-11 22:47:39', '2020-09-04 10:16:36');
insert into messages (id, from_user_id, to_user_id, txt, is_delivered, created_at, update_at) values (192, 20, 17, 'Phlebitis and thrombophlebitis of superficial vessels of lower extremities', 1, '2021-01-12 01:54:32', '2021-03-13 14:17:14');
insert into messages (id, from_user_id, to_user_id, txt, is_delivered, created_at, update_at) values (193, 39, 55, 'Other fracture of upper end of right radius, subsequent encounter for open fracture type I or II with routine healing', 1, '2021-03-06 16:56:17', '2021-03-18 19:11:26');
insert into messages (id, from_user_id, to_user_id, txt, is_delivered, created_at, update_at) values (194, 49, 96, 'Legal intervention involving baton, law enforcement official injured, initial encounter', 1, '2020-11-18 15:59:20', '2021-02-21 02:46:14');
insert into messages (id, from_user_id, to_user_id, txt, is_delivered, created_at, update_at) values (195, 52, 19, 'Unspecified open wound, right ankle, initial encounter', 0, '2021-03-28 08:54:50', '2020-11-28 23:33:45');
insert into messages (id, from_user_id, to_user_id, txt, is_delivered, created_at, update_at) values (196, 83, 91, 'Toxic effect of contact with other venomous plant, undetermined, subsequent encounter', 1, '2020-10-01 09:13:37', '2021-06-14 04:44:05');
insert into messages (id, from_user_id, to_user_id, txt, is_delivered, created_at, update_at) values (197, 40, 100, 'Other complications of labor and delivery, not elsewhere classified', 2, '2021-04-24 04:21:02', '2020-10-28 04:04:22');
insert into messages (id, from_user_id, to_user_id, txt, is_delivered, created_at, update_at) values (198, 40, 62, 'Unspecified physeal fracture of phalanx of left toe, subsequent encounter for fracture with delayed healing', 2, '2021-03-11 14:50:39', '2020-09-30 17:05:32');
insert into messages (id, from_user_id, to_user_id, txt, is_delivered, created_at, update_at) values (199, 1, 36, 'Other place in other specified residential institution as the place of occurrence of the external cause', 2, '2021-05-19 17:10:42', '2021-07-01 11:55:40');
insert into messages (id, from_user_id, to_user_id, txt, is_delivered, created_at, update_at) values (200, 6, 39, 'Superficial frostbite of other part of head', 1, '2020-11-20 09:06:35', '2021-02-26 03:21:07');
insert into messages (id, from_user_id, to_user_id, txt, is_delivered, created_at, update_at) values (201, 50, 8, 'Abrasion of right middle finger', 1, '2020-11-13 21:02:56', '2020-09-14 23:17:18');
insert into messages (id, from_user_id, to_user_id, txt, is_delivered, created_at, update_at) values (202, 60, 45, 'Injury of other nerves at lower leg level, unspecified leg, initial encounter', 2, '2021-01-09 01:47:02', '2020-11-14 17:56:11');
insert into messages (id, from_user_id, to_user_id, txt, is_delivered, created_at, update_at) values (203, 29, 100, 'Insect bite (nonvenomous), left foot, subsequent encounter', 1, '2021-04-17 10:31:32', '2021-05-31 23:41:42');
insert into messages (id, from_user_id, to_user_id, txt, is_delivered, created_at, update_at) values (204, 65, 86, 'Unspecified sprain of right wrist, sequela', 0, '2021-02-05 07:36:00', '2021-02-02 11:36:20');
insert into messages (id, from_user_id, to_user_id, txt, is_delivered, created_at, update_at) values (205, 78, 30, 'Adverse effects, not elsewhere classified', 1, '2021-04-13 00:41:15', '2020-12-13 20:49:42');
insert into messages (id, from_user_id, to_user_id, txt, is_delivered, created_at, update_at) values (206, 9, 40, 'Other accident to other private fixed-wing aircraft injuring occupant, initial encounter', 2, '2021-05-23 11:02:00', '2021-05-28 04:47:11');
insert into messages (id, from_user_id, to_user_id, txt, is_delivered, created_at, update_at) values (207, 45, 66, 'Other incomplete lesion at unspecified level of thoracic spinal cord, sequela', 0, '2021-05-09 08:08:28', '2020-07-31 21:48:56');
insert into messages (id, from_user_id, to_user_id, txt, is_delivered, created_at, update_at) values (208, 73, 18, 'Nondisplaced fracture of medial phalanx of right little finger, subsequent encounter for fracture with routine healing', 0, '2020-11-13 19:21:00', '2021-05-12 09:22:47');
insert into messages (id, from_user_id, to_user_id, txt, is_delivered, created_at, update_at) values (209, 96, 22, 'Underdosing of other drug primarily affecting the autonomic nervous system, sequela', 2, '2021-03-25 09:42:26', '2020-11-10 07:08:24');
insert into messages (id, from_user_id, to_user_id, txt, is_delivered, created_at, update_at) values (210, 23, 33, 'Stage 1 necrotizing enterocolitis in newborn', 0, '2020-12-19 15:58:06', '2020-12-09 01:50:53');
insert into messages (id, from_user_id, to_user_id, txt, is_delivered, created_at, update_at) values (211, 21, 28, 'Salter-Harris Type I physeal fracture of unspecified calcaneus, initial encounter for closed fracture', 0, '2020-10-16 03:30:59', '2021-01-27 02:56:30');
insert into messages (id, from_user_id, to_user_id, txt, is_delivered, created_at, update_at) values (212, 31, 83, 'Unspecified injury of extensor muscle, fascia and tendon of right little finger at wrist and hand level', 1, '2020-10-13 01:59:14', '2020-11-11 19:03:21');
insert into messages (id, from_user_id, to_user_id, txt, is_delivered, created_at, update_at) values (213, 80, 32, 'Jumping or diving into other water striking water surface causing other injury, initial encounter', 2, '2021-02-17 17:44:51', '2020-10-17 06:48:40');
insert into messages (id, from_user_id, to_user_id, txt, is_delivered, created_at, update_at) values (214, 28, 47, 'Displaced segmental fracture of shaft of radius, left arm, subsequent encounter for open fracture type I or II with routine healing', 0, '2021-03-29 19:06:04', '2021-01-21 04:03:30');
insert into messages (id, from_user_id, to_user_id, txt, is_delivered, created_at, update_at) values (215, 69, 9, 'Radiculopathy, lumbosacral region', 0, '2020-10-06 02:32:01', '2020-12-03 18:43:34');
insert into messages (id, from_user_id, to_user_id, txt, is_delivered, created_at, update_at) values (216, 56, 15, 'Laceration of muscle(s) and tendon(s) of peroneal muscle group at lower leg level, right leg', 2, '2021-04-09 21:42:24', '2020-08-26 07:03:19');
insert into messages (id, from_user_id, to_user_id, txt, is_delivered, created_at, update_at) values (217, 96, 53, 'Nondisplaced bicondylar fracture of left tibia, sequela', 2, '2021-01-05 21:13:58', '2021-03-11 18:37:19');
insert into messages (id, from_user_id, to_user_id, txt, is_delivered, created_at, update_at) values (218, 72, 8, 'Amniotic fluid embolism', 0, '2020-09-30 21:02:16', '2020-08-10 23:55:15');
insert into messages (id, from_user_id, to_user_id, txt, is_delivered, created_at, update_at) values (219, 35, 94, 'Subluxation of carpometacarpal joint of left thumb, subsequent encounter', 2, '2021-04-01 05:11:38', '2021-07-02 10:13:10');
insert into messages (id, from_user_id, to_user_id, txt, is_delivered, created_at, update_at) values (220, 87, 12, 'Contact with unspecified machinery, initial encounter', 0, '2021-05-24 07:57:15', '2021-07-11 09:11:05');
insert into messages (id, from_user_id, to_user_id, txt, is_delivered, created_at, update_at) values (221, 46, 32, 'Nondisplaced transcondylar fracture of right humerus, subsequent encounter for fracture with nonunion', 0, '2020-08-21 01:08:37', '2020-09-10 02:10:37');
insert into messages (id, from_user_id, to_user_id, txt, is_delivered, created_at, update_at) values (222, 85, 28, 'Unspecified trochanteric fracture of left femur, subsequent encounter for open fracture type IIIA, IIIB, or IIIC with delayed healing', 1, '2021-03-21 17:50:08', '2021-07-07 13:13:19');
insert into messages (id, from_user_id, to_user_id, txt, is_delivered, created_at, update_at) values (223, 7, 23, 'Unspecified occupant of heavy transport vehicle injured in collision with fixed or stationary object in traffic accident, initial encounter', 2, '2020-12-05 23:15:24', '2020-09-09 01:52:22');
insert into messages (id, from_user_id, to_user_id, txt, is_delivered, created_at, update_at) values (224, 20, 30, 'Abnormal tumor markers', 0, '2021-03-23 07:45:48', '2020-09-26 12:21:20');
insert into messages (id, from_user_id, to_user_id, txt, is_delivered, created_at, update_at) values (225, 47, 42, 'Greenstick fracture of shaft of humerus, unspecified arm, subsequent encounter for fracture with nonunion', 2, '2021-04-30 07:58:08', '2021-01-07 00:58:06');
insert into messages (id, from_user_id, to_user_id, txt, is_delivered, created_at, update_at) values (226, 68, 49, 'Papilledema associated with decreased ocular pressure', 0, '2021-02-11 14:32:22', '2020-08-13 18:38:48');
insert into messages (id, from_user_id, to_user_id, txt, is_delivered, created_at, update_at) values (227, 67, 71, 'Hypersecretion of calcitonin', 1, '2021-04-23 05:24:38', '2021-07-11 07:46:31');
insert into messages (id, from_user_id, to_user_id, txt, is_delivered, created_at, update_at) values (228, 39, 29, 'Myelopathy in diseases classified elsewhere', 1, '2020-09-26 13:02:50', '2020-08-03 22:29:16');
insert into messages (id, from_user_id, to_user_id, txt, is_delivered, created_at, update_at) values (229, 12, 87, 'Type 2 diabetes mellitus with moderate nonproliferative diabetic retinopathy with macular edema, bilateral', 1, '2020-12-29 22:41:38', '2020-07-24 18:16:14');
insert into messages (id, from_user_id, to_user_id, txt, is_delivered, created_at, update_at) values (230, 35, 93, 'Dislocation of unspecified interphalangeal joint of right thumb, sequela', 2, '2020-11-06 09:53:09', '2021-04-09 21:16:24');
insert into messages (id, from_user_id, to_user_id, txt, is_delivered, created_at, update_at) values (231, 71, 66, 'Displaced fracture of shaft of fourth metacarpal bone, right hand, subsequent encounter for fracture with routine healing', 0, '2020-07-29 08:08:01', '2020-10-05 21:05:40');
insert into messages (id, from_user_id, to_user_id, txt, is_delivered, created_at, update_at) values (232, 74, 93, 'Other injury of other specified intrathoracic organs, sequela', 2, '2020-08-10 22:41:14', '2020-10-12 17:45:18');
insert into messages (id, from_user_id, to_user_id, txt, is_delivered, created_at, update_at) values (233, 49, 65, 'Toxic effect of soaps, undetermined, sequela', 2, '2020-08-10 06:10:33', '2021-03-27 14:27:14');
insert into messages (id, from_user_id, to_user_id, txt, is_delivered, created_at, update_at) values (234, 38, 65, 'Smoking (tobacco) complicating pregnancy, unspecified trimester', 0, '2020-12-27 19:54:05', '2020-12-08 22:20:54');
insert into messages (id, from_user_id, to_user_id, txt, is_delivered, created_at, update_at) values (235, 69, 20, 'Displaced comminuted supracondylar fracture without intercondylar fracture of right humerus, subsequent encounter for fracture with malunion', 1, '2021-03-13 14:54:28', '2021-05-24 16:22:25');
insert into messages (id, from_user_id, to_user_id, txt, is_delivered, created_at, update_at) values (236, 44, 95, 'Cervical disc disorder at C5-C6 level with radiculopathy', 0, '2021-02-05 03:17:11', '2020-11-02 17:06:57');
insert into messages (id, from_user_id, to_user_id, txt, is_delivered, created_at, update_at) values (237, 93, 68, 'Other disorders of bone development and growth, left hand', 1, '2021-05-29 16:52:14', '2021-02-01 04:43:37');
insert into messages (id, from_user_id, to_user_id, txt, is_delivered, created_at, update_at) values (238, 35, 58, 'Solitary pulmonary nodule', 1, '2021-05-21 12:27:45', '2020-09-01 00:38:59');
insert into messages (id, from_user_id, to_user_id, txt, is_delivered, created_at, update_at) values (239, 34, 95, 'Poisoning by pertussis vaccine, including combinations with a pertussis component, intentional self-harm, sequela', 0, '2021-02-10 22:47:45', '2021-04-11 01:27:15');
insert into messages (id, from_user_id, to_user_id, txt, is_delivered, created_at, update_at) values (240, 79, 19, 'Displacement of coronary artery bypass graft, subsequent encounter', 1, '2021-05-02 04:11:15', '2021-03-07 02:21:38');
insert into messages (id, from_user_id, to_user_id, txt, is_delivered, created_at, update_at) values (241, 26, 92, 'Calculus of bile duct without cholangitis or cholecystitis without obstruction', 1, '2021-02-13 21:58:13', '2021-07-05 02:21:42');
insert into messages (id, from_user_id, to_user_id, txt, is_delivered, created_at, update_at) values (242, 77, 51, 'Pre-existing type 2 diabetes mellitus, in pregnancy, first trimester', 1, '2020-12-17 17:33:01', '2020-08-07 17:18:44');
insert into messages (id, from_user_id, to_user_id, txt, is_delivered, created_at, update_at) values (243, 77, 69, 'Nondisplaced bimalleolar fracture of unspecified lower leg, subsequent encounter for closed fracture with delayed healing', 1, '2020-07-14 07:20:21', '2020-09-20 12:56:18');
insert into messages (id, from_user_id, to_user_id, txt, is_delivered, created_at, update_at) values (244, 6, 69, 'Mallet finger of left finger(s)', 0, '2020-12-31 03:05:05', '2020-08-29 02:02:14');
insert into messages (id, from_user_id, to_user_id, txt, is_delivered, created_at, update_at) values (245, 26, 69, 'Stenosis of left lacrimal sac', 0, '2020-09-17 08:01:45', '2020-11-05 07:25:30');
insert into messages (id, from_user_id, to_user_id, txt, is_delivered, created_at, update_at) values (246, 21, 27, 'Person boarding or alighting a car injured in collision with pedal cycle', 1, '2021-07-10 18:24:16', '2021-02-19 20:38:24');
insert into messages (id, from_user_id, to_user_id, txt, is_delivered, created_at, update_at) values (247, 97, 66, 'Rheumatoid arthritis without rheumatoid factor, left elbow', 2, '2021-01-01 09:17:59', '2020-11-23 17:24:27');
insert into messages (id, from_user_id, to_user_id, txt, is_delivered, created_at, update_at) values (248, 90, 57, 'Pregnancy related conditions, unspecified, third trimester', 0, '2021-02-19 21:53:35', '2021-06-24 10:07:59');
insert into messages (id, from_user_id, to_user_id, txt, is_delivered, created_at, update_at) values (249, 28, 63, 'Fall into unspecified water causing other injury', 0, '2020-11-13 23:08:00', '2021-01-12 03:17:23');
insert into messages (id, from_user_id, to_user_id, txt, is_delivered, created_at, update_at) values (250, 65, 22, 'Poisoning by, adverse effect of and underdosing of coronary vasodilators', 2, '2021-02-16 12:27:58', '2020-08-05 21:34:12');
insert into posts (id, user_id, txt, created_at, updated_at) values (1, 9, 'Insect bite (nonvenomous) of lower back and pelvis, sequela', '2020-09-18 01:40:26', '2020-09-07 12:54:34');
insert into posts (id, user_id, txt, created_at, updated_at) values (2, 74, 'Breakdown (mechanical) of other cardiac electronic device, subsequent encounter', '2020-11-24 12:57:56', '2021-04-26 15:42:23');
insert into posts (id, user_id, txt, created_at, updated_at) values (3, 93, 'Underdosing of methadone, subsequent encounter', '2020-09-27 17:17:29', '2021-01-06 09:19:15');
insert into posts (id, user_id, txt, created_at, updated_at) values (4, 1, 'Crushing injury of shoulder and upper arm', '2020-08-05 17:21:36', '2020-08-05 01:07:12');
insert into posts (id, user_id, txt, created_at, updated_at) values (5, 11, 'Injury of stomach', '2020-11-18 19:15:59', '2020-07-17 06:37:46');
insert into posts (id, user_id, txt, created_at, updated_at) values (6, 35, 'Insect bite (nonvenomous) of left elbow, sequela', '2021-05-10 10:55:14', '2021-04-30 17:14:50');
insert into posts (id, user_id, txt, created_at, updated_at) values (7, 5, 'Fracture of unspecified phalanx of right index finger, subsequent encounter for fracture with delayed healing', '2021-06-02 17:33:09', '2021-05-20 03:38:18');
insert into posts (id, user_id, txt, created_at, updated_at) values (8, 43, 'Breakdown (mechanical) of internal fixation device of right humerus', '2020-10-09 13:32:20', '2020-10-29 16:22:30');
insert into posts (id, user_id, txt, created_at, updated_at) values (9, 92, 'Other epidermolysis bullosa', '2020-08-07 20:47:30', '2020-12-28 08:05:34');
insert into posts (id, user_id, txt, created_at, updated_at) values (10, 5, 'Nondisplaced comminuted fracture of shaft of humerus, unspecified arm, initial encounter for closed fracture', '2021-03-03 16:21:38', '2020-11-16 16:10:17');
insert into posts (id, user_id, txt, created_at, updated_at) values (11, 82, 'Other adverse effects, not elsewhere classified, subsequent encounter', '2020-10-20 02:36:04', '2021-06-24 05:05:27');
insert into posts (id, user_id, txt, created_at, updated_at) values (12, 48, 'Displaced bicondylar fracture of unspecified tibia, initial encounter for open fracture type IIIA, IIIB, or IIIC', '2020-09-20 12:35:40', '2021-03-13 17:18:58');
insert into posts (id, user_id, txt, created_at, updated_at) values (13, 47, 'Contusion, laceration, and hemorrhage of cerebellum with loss of consciousness of any duration with death due to brain injury prior to regaining consciousness, initial encounter', '2020-07-28 11:24:37', '2021-02-19 17:00:30');
insert into posts (id, user_id, txt, created_at, updated_at) values (14, 29, 'Avulsion fracture of ilium', '2021-07-03 10:50:30', '2021-04-24 20:51:43');
insert into posts (id, user_id, txt, created_at, updated_at) values (15, 13, 'Other myositis, ankle and foot', '2020-11-30 00:00:12', '2020-10-12 13:11:08');
insert into posts (id, user_id, txt, created_at, updated_at) values (16, 26, 'War operations involving combat using blunt or piercing object', '2020-11-25 02:26:11', '2020-08-31 16:07:12');
insert into posts (id, user_id, txt, created_at, updated_at) values (17, 15, 'Listerial meningoencephalitis', '2021-01-12 08:50:51', '2021-07-04 19:02:29');
insert into posts (id, user_id, txt, created_at, updated_at) values (18, 2, 'Other injury of extensor muscle, fascia and tendon of right little finger at forearm level, sequela', '2021-01-28 08:18:25', '2020-10-24 13:00:22');
insert into posts (id, user_id, txt, created_at, updated_at) values (19, 94, 'Burn of second degree of scapular region', '2020-10-12 10:54:00', '2021-05-12 14:32:13');
insert into posts (id, user_id, txt, created_at, updated_at) values (20, 20, 'Other nondisplaced fracture of lower end of left humerus, sequela', '2020-10-13 14:32:02', '2021-07-01 08:32:25');
insert into posts (id, user_id, txt, created_at, updated_at) values (21, 51, 'Torus fracture of upper end of right radius, subsequent encounter for fracture with delayed healing', '2020-09-08 14:21:04', '2020-11-14 11:42:02');
insert into posts (id, user_id, txt, created_at, updated_at) values (22, 12, 'Other specified injury of other specified blood vessels at shoulder and upper arm level, right arm, subsequent encounter', '2021-04-26 05:39:36', '2020-07-28 03:38:32');
insert into posts (id, user_id, txt, created_at, updated_at) values (23, 56, 'External constriction of right ring finger, initial encounter', '2021-04-14 07:45:39', '2021-06-14 13:05:15');
insert into posts (id, user_id, txt, created_at, updated_at) values (24, 87, 'Nondisplaced trimalleolar fracture of unspecified lower leg, subsequent encounter for closed fracture with routine healing', '2020-10-17 03:13:33', '2021-07-06 06:00:41');
insert into posts (id, user_id, txt, created_at, updated_at) values (25, 71, 'Other specified injuries of pelvis', '2020-09-01 08:45:53', '2021-02-15 17:43:49');
insert into posts (id, user_id, txt, created_at, updated_at) values (26, 100, 'Unspecified injury of left innominate or subclavian vein, subsequent encounter', '2020-10-22 16:37:02', '2020-12-13 14:02:21');
insert into posts (id, user_id, txt, created_at, updated_at) values (27, 92, 'Laceration of anterior tibial artery, unspecified leg, subsequent encounter', '2021-01-30 13:38:45', '2020-10-27 06:28:23');
insert into posts (id, user_id, txt, created_at, updated_at) values (28, 100, 'Monteggia''s fracture of left ulna, subsequent encounter for open fracture type IIIA, IIIB, or IIIC with malunion', '2020-12-16 07:14:56', '2020-09-08 06:31:59');
insert into posts (id, user_id, txt, created_at, updated_at) values (29, 41, 'Severe hypoxic ischemic encephalopathy [HIE]', '2021-02-13 23:53:23', '2020-11-25 18:33:41');
insert into posts (id, user_id, txt, created_at, updated_at) values (30, 61, 'Person on outside of car injured in collision with other type car in traffic accident, initial encounter', '2021-05-02 06:25:09', '2020-12-18 13:02:17');
insert into posts (id, user_id, txt, created_at, updated_at) values (31, 100, 'Blister (nonthermal) of left ear', '2020-10-10 17:24:36', '2020-08-24 14:04:22');
insert into posts (id, user_id, txt, created_at, updated_at) values (32, 24, 'Other osteoporosis with current pathological fracture, unspecified shoulder, subsequent encounter for fracture with malunion', '2020-07-27 22:10:27', '2020-12-31 23:38:10');
insert into posts (id, user_id, txt, created_at, updated_at) values (33, 56, 'Newborn affected by other maternal conditions', '2020-12-28 10:13:27', '2020-08-31 14:52:21');
insert into posts (id, user_id, txt, created_at, updated_at) values (34, 58, 'Other incomplete lesion at unspecified level of cervical spinal cord, subsequent encounter', '2021-06-13 16:53:47', '2021-02-20 06:29:34');
insert into posts (id, user_id, txt, created_at, updated_at) values (35, 44, 'Acquired absence of unspecified upper limb, unspecified level', '2020-08-17 17:07:47', '2021-01-10 11:27:28');
insert into posts (id, user_id, txt, created_at, updated_at) values (36, 58, 'Traumatic cerebral edema with loss of consciousness of any duration with death due to other cause prior to regaining consciousness', '2021-01-01 05:05:38', '2021-03-24 04:33:21');
insert into posts (id, user_id, txt, created_at, updated_at) values (37, 70, 'Postprocedural seroma of right eye and adnexa following an ophthalmic procedure', '2021-07-10 23:38:30', '2021-06-22 09:53:36');
insert into posts (id, user_id, txt, created_at, updated_at) values (38, 48, 'Insect bite (nonvenomous) of right wrist, subsequent encounter', '2020-12-12 03:04:25', '2020-09-09 21:24:20');
insert into posts (id, user_id, txt, created_at, updated_at) values (39, 24, 'Stress fracture, right fibula, initial encounter for fracture', '2021-01-04 23:22:27', '2020-07-17 07:34:53');
insert into posts (id, user_id, txt, created_at, updated_at) values (40, 27, 'Toxic effect of other halogen derivatives of aromatic hydrocarbons, assault, sequela', '2021-04-05 08:51:34', '2021-04-16 14:49:20');
insert into posts (id, user_id, txt, created_at, updated_at) values (41, 3, 'Balloon collision injuring occupant, initial encounter', '2021-03-09 18:18:45', '2020-11-29 05:42:29');
insert into posts (id, user_id, txt, created_at, updated_at) values (42, 40, 'Underdosing of 4-Aminophenol derivatives, initial encounter', '2020-11-30 22:13:33', '2021-01-19 01:52:39');
insert into posts (id, user_id, txt, created_at, updated_at) values (43, 69, 'Poisoning by unspecified agents primarily affecting the gastrointestinal system, intentional self-harm, initial encounter', '2020-08-16 14:39:40', '2021-06-14 01:05:54');
insert into posts (id, user_id, txt, created_at, updated_at) values (44, 25, 'Ventricular septal defect as current complication following acute myocardial infarction', '2020-08-05 21:40:16', '2021-01-12 09:19:39');
insert into posts (id, user_id, txt, created_at, updated_at) values (45, 55, 'Subluxation of T3/T4 thoracic vertebra, initial encounter', '2020-10-04 21:35:10', '2021-05-14 19:55:09');
insert into posts (id, user_id, txt, created_at, updated_at) values (46, 53, 'Other reactive arthropathies, unspecified elbow', '2020-11-10 21:26:54', '2020-08-29 07:17:16');
insert into posts (id, user_id, txt, created_at, updated_at) values (47, 1, 'Fatigue fracture of vertebra, site unspecified, initial encounter for fracture', '2021-03-29 12:01:10', '2021-03-06 12:03:03');
insert into posts (id, user_id, txt, created_at, updated_at) values (48, 80, 'Nondisplaced fracture of proximal phalanx of left great toe', '2021-05-30 03:03:21', '2021-01-01 15:42:16');
insert into posts (id, user_id, txt, created_at, updated_at) values (49, 92, 'Dislocation of other parts of thorax, subsequent encounter', '2020-12-24 12:43:04', '2021-03-16 03:56:15');
insert into posts (id, user_id, txt, created_at, updated_at) values (50, 11, 'Atherosclerosis of native arteries of left leg with ulceration of ankle', '2020-10-08 17:14:40', '2020-07-16 14:46:05');
insert into posts (id, user_id, txt, created_at, updated_at) values (51, 30, 'Personal history of other diseases of the musculoskeletal system and connective tissue', '2020-12-25 15:29:43', '2021-02-17 04:56:10');
insert into posts (id, user_id, txt, created_at, updated_at) values (52, 15, 'Unspecified open wound of right index finger with damage to nail, initial encounter', '2020-09-10 14:25:42', '2021-01-23 18:14:00');
insert into posts (id, user_id, txt, created_at, updated_at) values (53, 14, 'Pathological fracture in other disease, other site, subsequent encounter for fracture with nonunion', '2021-05-02 02:26:22', '2020-11-02 15:44:50');
insert into posts (id, user_id, txt, created_at, updated_at) values (54, 42, 'Fall from other flat-bottomed pedestrian conveyance', '2020-11-16 22:45:47', '2020-11-04 18:39:30');
insert into posts (id, user_id, txt, created_at, updated_at) values (55, 39, 'Cataract (lens) fragments in eye following cataract surgery, unspecified eye', '2021-04-29 12:56:15', '2020-09-08 23:06:04');
insert into posts (id, user_id, txt, created_at, updated_at) values (56, 7, 'Pathological fracture, right femur, subsequent encounter for fracture with routine healing', '2020-07-16 00:04:08', '2020-12-08 23:27:49');
insert into posts (id, user_id, txt, created_at, updated_at) values (57, 21, 'Unspecified injury of muscle, fascia and tendon at neck level, initial encounter', '2020-08-05 04:50:28', '2020-08-09 20:59:06');
insert into posts (id, user_id, txt, created_at, updated_at) values (58, 76, 'Partial traumatic transphalangeal amputation of unspecified finger, initial encounter', '2021-04-03 15:57:32', '2020-09-10 04:36:09');
insert into posts (id, user_id, txt, created_at, updated_at) values (59, 1, 'Maternal care for known or suspected placental insufficiency, second trimester, fetus 4', '2020-11-25 08:07:56', '2020-12-25 05:42:26');
insert into posts (id, user_id, txt, created_at, updated_at) values (60, 73, 'Continuing pregnancy after intrauterine death of one fetus or more, unspecified trimester, not applicable or unspecified', '2021-03-18 13:03:21', '2021-03-18 14:44:29');
insert into posts (id, user_id, txt, created_at, updated_at) values (61, 40, 'Other fracture of right ilium, subsequent encounter for fracture with delayed healing', '2021-04-30 09:09:34', '2020-10-18 12:49:00');
insert into posts (id, user_id, txt, created_at, updated_at) values (62, 78, 'Displaced oblique fracture of shaft of left femur, subsequent encounter for open fracture type I or II with nonunion', '2021-06-20 17:48:32', '2020-10-11 22:52:39');
insert into posts (id, user_id, txt, created_at, updated_at) values (63, 57, 'Unspecified fracture of sternum, subsequent encounter for fracture with nonunion', '2021-02-28 06:13:02', '2020-10-30 23:44:16');
insert into posts (id, user_id, txt, created_at, updated_at) values (64, 54, 'Puncture wound without foreign body of left back wall of thorax with penetration into thoracic cavity', '2020-10-30 21:23:45', '2020-11-21 04:09:42');
insert into posts (id, user_id, txt, created_at, updated_at) values (65, 60, 'Contusion, laceration, and hemorrhage of cerebellum with loss of consciousness of any duration with death due to brain injury prior to regaining consciousness', '2020-09-11 19:36:40', '2021-06-14 03:06:22');
insert into posts (id, user_id, txt, created_at, updated_at) values (66, 73, 'Acquired atrophy of fallopian tube, unspecified side', '2021-04-03 21:55:12', '2020-11-13 17:25:46');
insert into posts (id, user_id, txt, created_at, updated_at) values (67, 34, 'Other hydronephrosis', '2020-10-05 20:57:11', '2020-12-15 06:14:50');
insert into posts (id, user_id, txt, created_at, updated_at) values (68, 34, 'Adult sexual abuse, confirmed, sequela', '2021-05-28 20:29:11', '2020-12-17 17:54:10');
insert into posts (id, user_id, txt, created_at, updated_at) values (69, 38, 'Adult osteomalacia', '2020-12-01 09:31:20', '2020-09-12 21:58:20');
insert into posts (id, user_id, txt, created_at, updated_at) values (70, 14, 'Poisoning by tricyclic antidepressants, assault', '2021-03-01 10:52:56', '2020-11-04 18:49:51');
insert into posts (id, user_id, txt, created_at, updated_at) values (71, 1, 'Postimmunization arthropathy, multiple sites', '2021-05-28 13:30:45', '2020-07-25 19:40:55');
insert into posts (id, user_id, txt, created_at, updated_at) values (72, 1, 'Puncture wound without foreign body, right lower leg, initial encounter', '2020-09-09 12:52:47', '2021-01-04 15:32:10');
insert into posts (id, user_id, txt, created_at, updated_at) values (73, 61, 'Other exposure to controlled fire in building or structure, initial encounter', '2020-11-21 19:31:13', '2020-09-21 23:38:04');
insert into posts (id, user_id, txt, created_at, updated_at) values (74, 73, 'Hydroxyapatite deposition disease, right shoulder', '2021-02-01 19:03:32', '2021-03-29 02:46:05');
insert into posts (id, user_id, txt, created_at, updated_at) values (75, 20, 'Injury of median nerve at wrist and hand level of right arm, sequela', '2021-04-05 04:40:31', '2021-02-02 18:44:53');
insert into posts (id, user_id, txt, created_at, updated_at) values (76, 10, 'Unspecified injury of plantar artery of left foot', '2021-03-24 16:56:06', '2020-09-10 21:59:34');
insert into posts (id, user_id, txt, created_at, updated_at) values (77, 45, 'Superficial frostbite of left hip and thigh, subsequent encounter', '2020-08-03 21:55:44', '2021-06-03 07:45:52');
insert into posts (id, user_id, txt, created_at, updated_at) values (78, 38, 'Laceration with foreign body of trachea, sequela', '2021-04-10 10:51:47', '2021-03-10 00:43:14');
insert into posts (id, user_id, txt, created_at, updated_at) values (79, 82, 'Infection and inflammatory reaction due to internal left knee prosthesis', '2021-06-04 17:51:12', '2020-08-31 08:23:21');
insert into posts (id, user_id, txt, created_at, updated_at) values (80, 56, 'Stress fracture, left humerus, sequela', '2021-05-14 19:58:31', '2020-10-06 18:21:27');
insert into posts (id, user_id, txt, created_at, updated_at) values (81, 66, 'Corrosion of second degree of right palm, sequela', '2020-11-26 03:02:34', '2020-10-14 03:12:40');
insert into posts (id, user_id, txt, created_at, updated_at) values (82, 50, 'Pedestrian on foot injured in collision with two- or three-wheeled motor vehicle in nontraffic accident, sequela', '2020-12-02 07:58:58', '2021-06-30 17:00:35');
insert into posts (id, user_id, txt, created_at, updated_at) values (83, 79, 'Salter-Harris Type III physeal fracture of lower end of humerus, left arm, sequela', '2020-09-06 19:02:41', '2020-12-11 03:19:22');
insert into posts (id, user_id, txt, created_at, updated_at) values (84, 32, 'Puncture wound with foreign body of scrotum and testes, initial encounter', '2020-11-25 09:39:28', '2020-10-04 05:11:46');
insert into posts (id, user_id, txt, created_at, updated_at) values (85, 61, 'Blister (nonthermal), unspecified lesser toe(s), sequela', '2021-07-04 20:48:14', '2021-05-07 21:28:10');
insert into posts (id, user_id, txt, created_at, updated_at) values (86, 95, 'Toxic effect of dichloromethane, assault', '2020-10-29 18:41:26', '2021-06-25 08:17:31');
insert into posts (id, user_id, txt, created_at, updated_at) values (87, 39, 'Encounter for fitting and adjustment of partial artificial leg, unspecified leg', '2021-02-12 01:41:42', '2020-07-12 22:46:14');
insert into posts (id, user_id, txt, created_at, updated_at) values (88, 16, 'Displaced fracture of lateral condyle of left femur, subsequent encounter for open fracture type I or II with delayed healing', '2021-02-06 02:11:16', '2021-04-24 07:07:18');
insert into posts (id, user_id, txt, created_at, updated_at) values (89, 57, 'Unspecified bus occupant injured in collision with other motor vehicles in nontraffic accident', '2020-12-16 12:01:55', '2020-10-02 00:38:58');
insert into posts (id, user_id, txt, created_at, updated_at) values (90, 75, 'Acute hepatitis C with hepatic coma', '2020-09-29 05:19:03', '2020-11-01 06:51:09');
insert into posts (id, user_id, txt, created_at, updated_at) values (91, 12, 'Corrosions involving 40-49% of body surface with 0% to 9% third degree corrosion', '2021-06-27 11:30:54', '2021-04-08 06:25:59');
insert into posts (id, user_id, txt, created_at, updated_at) values (92, 51, 'Fall from non-moving nonmotorized scooter', '2021-06-15 17:09:32', '2020-07-19 11:19:25');
insert into posts (id, user_id, txt, created_at, updated_at) values (93, 53, 'Poisoning by peripheral vasodilators, accidental (unintentional), initial encounter', '2020-10-27 03:37:47', '2021-04-29 21:27:54');
insert into posts (id, user_id, txt, created_at, updated_at) values (94, 62, 'Arthropathy following intestinal bypass, unspecified ankle and foot', '2020-10-19 01:31:16', '2021-06-23 06:43:47');
insert into posts (id, user_id, txt, created_at, updated_at) values (95, 9, 'Other specified injuries of external genitals, initial encounter', '2021-05-26 22:39:51', '2020-10-17 11:43:28');
insert into posts (id, user_id, txt, created_at, updated_at) values (96, 10, 'Eyelid retraction left lower eyelid', '2021-05-12 01:50:31', '2020-09-13 07:39:17');
insert into posts (id, user_id, txt, created_at, updated_at) values (97, 13, 'Burn of first degree of multiple sites of left wrist and hand, initial encounter', '2020-11-15 17:24:43', '2020-07-25 11:39:56');
insert into posts (id, user_id, txt, created_at, updated_at) values (98, 7, 'Secondary and unspecified malignant neoplasm of inguinal and lower limb lymph nodes', '2020-12-14 06:08:35', '2020-11-29 20:40:13');
insert into posts (id, user_id, txt, created_at, updated_at) values (99, 54, 'External constriction of part of breast, left breast', '2020-09-18 10:32:50', '2021-06-06 13:37:44');
insert into posts (id, user_id, txt, created_at, updated_at) values (100, 33, 'Late metabolic acidosis of newborn', '2021-04-12 15:37:18', '2020-10-21 13:56:22');
insert into posts_likes (post_id, user_id, like_type) values (9, 15, 3);
insert into posts_likes (post_id, user_id, like_type) values (7, 17, 10);
insert into posts_likes (post_id, user_id, like_type) values (65, 11, 4);
insert into posts_likes (post_id, user_id, like_type) values (42, 80, 6);
insert into posts_likes (post_id, user_id, like_type) values (60, 64, 10);
insert into posts_likes (post_id, user_id, like_type) values (25, 99, 3);
insert into posts_likes (post_id, user_id, like_type) values (55, 68, 2);
insert into posts_likes (post_id, user_id, like_type) values (89, 45, 4);
insert into posts_likes (post_id, user_id, like_type) values (10, 14, 1);
insert into posts_likes (post_id, user_id, like_type) values (61, 64, 6);
insert into posts_likes (post_id, user_id, like_type) values (70, 82, 6);
insert into posts_likes (post_id, user_id, like_type) values (14, 30, 6);
insert into posts_likes (post_id, user_id, like_type) values (2, 17, 2);
insert into posts_likes (post_id, user_id, like_type) values (12, 11, 9);
insert into posts_likes (post_id, user_id, like_type) values (1, 35, 2);
insert into posts_likes (post_id, user_id, like_type) values (42, 53, 6);
insert into posts_likes (post_id, user_id, like_type) values (63, 66, 8);
insert into posts_likes (post_id, user_id, like_type) values (30, 37, 10);
insert into posts_likes (post_id, user_id, like_type) values (66, 100, 3);
insert into posts_likes (post_id, user_id, like_type) values (76, 75, 2);
insert into posts_likes (post_id, user_id, like_type) values (20, 76, 2);
insert into posts_likes (post_id, user_id, like_type) values (13, 70, 10);
insert into posts_likes (post_id, user_id, like_type) values (6, 31, 1);
insert into posts_likes (post_id, user_id, like_type) values (46, 21, 2);
insert into posts_likes (post_id, user_id, like_type) values (77, 11, 8);
insert into posts_likes (post_id, user_id, like_type) values (64, 9, 1);
insert into posts_likes (post_id, user_id, like_type) values (70, 50, 4);
insert into posts_likes (post_id, user_id, like_type) values (42, 83, 5);
insert into posts_likes (post_id, user_id, like_type) values (17, 77, 1);
insert into posts_likes (post_id, user_id, like_type) values (44, 36, 2);
insert into posts_likes (post_id, user_id, like_type) values (70, 49, 2);
insert into posts_likes (post_id, user_id, like_type) values (10, 85, 10);
insert into posts_likes (post_id, user_id, like_type) values (27, 49, 3);
insert into posts_likes (post_id, user_id, like_type) values (96, 33, 2);
insert into posts_likes (post_id, user_id, like_type) values (88, 42, 2);
insert into posts_likes (post_id, user_id, like_type) values (68, 50, 2);
insert into posts_likes (post_id, user_id, like_type) values (10, 39, 3);
insert into posts_likes (post_id, user_id, like_type) values (48, 6, 9);
insert into posts_likes (post_id, user_id, like_type) values (48, 67, 2);
insert into posts_likes (post_id, user_id, like_type) values (15, 35, 3);
insert into posts_likes (post_id, user_id, like_type) values (34, 99, 4);
insert into posts_likes (post_id, user_id, like_type) values (22, 47, 1);
insert into posts_likes (post_id, user_id, like_type) values (60, 84, 1);
insert into posts_likes (post_id, user_id, like_type) values (38, 93, 7);
insert into posts_likes (post_id, user_id, like_type) values (85, 85, 1);
insert into posts_likes (post_id, user_id, like_type) values (72, 2, 3);
insert into posts_likes (post_id, user_id, like_type) values (14, 89, 9);
insert into posts_likes (post_id, user_id, like_type) values (19, 31, 4);
insert into posts_likes (post_id, user_id, like_type) values (24, 35, 2);
insert into posts_likes (post_id, user_id, like_type) values (46, 24, 9);
insert into posts_likes (post_id, user_id, like_type) values (16, 50, 6);
insert into posts_likes (post_id, user_id, like_type) values (37, 65, 2);
insert into posts_likes (post_id, user_id, like_type) values (59, 99, 4);
insert into posts_likes (post_id, user_id, like_type) values (71, 42, 7);
insert into posts_likes (post_id, user_id, like_type) values (51, 24, 3);
insert into posts_likes (post_id, user_id, like_type) values (80, 67, 1);
insert into posts_likes (post_id, user_id, like_type) values (31, 32, 9);
insert into posts_likes (post_id, user_id, like_type) values (23, 56, 3);
insert into posts_likes (post_id, user_id, like_type) values (5, 16, 6);
insert into posts_likes (post_id, user_id, like_type) values (87, 100, 9);
insert into posts_likes (post_id, user_id, like_type) values (61, 85, 1);
insert into posts_likes (post_id, user_id, like_type) values (84, 39, 8);
insert into posts_likes (post_id, user_id, like_type) values (37, 46, 3);
insert into posts_likes (post_id, user_id, like_type) values (20, 59, 5);
insert into posts_likes (post_id, user_id, like_type) values (30, 85, 3);
insert into posts_likes (post_id, user_id, like_type) values (82, 61, 1);
insert into posts_likes (post_id, user_id, like_type) values (71, 96, 2);
insert into posts_likes (post_id, user_id, like_type) values (20, 23, 9);
insert into posts_likes (post_id, user_id, like_type) values (53, 17, 8);
insert into posts_likes (post_id, user_id, like_type) values (27, 35, 1);
insert into posts_likes (post_id, user_id, like_type) values (30, 92, 3);
insert into posts_likes (post_id, user_id, like_type) values (66, 67, 3);
insert into posts_likes (post_id, user_id, like_type) values (20, 45, 6);
insert into posts_likes (post_id, user_id, like_type) values (44, 99, 3);
insert into posts_likes (post_id, user_id, like_type) values (34, 27, 5);
insert into posts_likes (post_id, user_id, like_type) values (50, 11, 7);
insert into posts_likes (post_id, user_id, like_type) values (89, 54, 7);
insert into posts_likes (post_id, user_id, like_type) values (100, 33, 3);
insert into posts_likes (post_id, user_id, like_type) values (96, 33, 7);
insert into posts_likes (post_id, user_id, like_type) values (67, 65, 2);
insert into posts_likes (post_id, user_id, like_type) values (43, 6, 9);
insert into posts_likes (post_id, user_id, like_type) values (87, 4, 1);
insert into posts_likes (post_id, user_id, like_type) values (44, 28, 1);
insert into posts_likes (post_id, user_id, like_type) values (3, 20, 6);
insert into posts_likes (post_id, user_id, like_type) values (13, 59, 7);
insert into posts_likes (post_id, user_id, like_type) values (94, 5, 1);
insert into posts_likes (post_id, user_id, like_type) values (21, 29, 1);
insert into posts_likes (post_id, user_id, like_type) values (66, 43, 9);
insert into posts_likes (post_id, user_id, like_type) values (38, 9, 6);
insert into posts_likes (post_id, user_id, like_type) values (22, 42, 3);
insert into posts_likes (post_id, user_id, like_type) values (12, 11, 8);
insert into posts_likes (post_id, user_id, like_type) values (80, 97, 8);
insert into posts_likes (post_id, user_id, like_type) values (55, 49, 7);
insert into posts_likes (post_id, user_id, like_type) values (53, 5, 3);
insert into posts_likes (post_id, user_id, like_type) values (28, 15, 10);
insert into posts_likes (post_id, user_id, like_type) values (52, 9, 2);
insert into posts_likes (post_id, user_id, like_type) values (25, 81, 5);
insert into posts_likes (post_id, user_id, like_type) values (53, 57, 1);
insert into posts_likes (post_id, user_id, like_type) values (77, 48, 1);
insert into posts_likes (post_id, user_id, like_type) values (31, 45, 5);
insert into posts_likes (post_id, user_id, like_type) values (30, 62, 10);
insert into posts_likes (post_id, user_id, like_type) values (30, 67, 10);
insert into posts_likes (post_id, user_id, like_type) values (98, 82, 9);
insert into posts_likes (post_id, user_id, like_type) values (12, 37, 1);
insert into posts_likes (post_id, user_id, like_type) values (58, 87, 9);
insert into posts_likes (post_id, user_id, like_type) values (42, 91, 1);
insert into posts_likes (post_id, user_id, like_type) values (32, 74, 1);
insert into posts_likes (post_id, user_id, like_type) values (98, 47, 6);
insert into posts_likes (post_id, user_id, like_type) values (88, 82, 9);
insert into posts_likes (post_id, user_id, like_type) values (88, 22, 10);
insert into posts_likes (post_id, user_id, like_type) values (80, 8, 7);
insert into posts_likes (post_id, user_id, like_type) values (57, 27, 9);
insert into posts_likes (post_id, user_id, like_type) values (92, 51, 10);
insert into posts_likes (post_id, user_id, like_type) values (85, 27, 6);
insert into posts_likes (post_id, user_id, like_type) values (18, 9, 7);
insert into posts_likes (post_id, user_id, like_type) values (67, 40, 4);
insert into posts_likes (post_id, user_id, like_type) values (55, 64, 1);
insert into posts_likes (post_id, user_id, like_type) values (43, 5, 2);
insert into posts_likes (post_id, user_id, like_type) values (18, 85, 7);
insert into posts_likes (post_id, user_id, like_type) values (59, 67, 2);
insert into posts_likes (post_id, user_id, like_type) values (30, 34, 7);
insert into posts_likes (post_id, user_id, like_type) values (14, 32, 9);
insert into posts_likes (post_id, user_id, like_type) values (83, 39, 1);
insert into posts_likes (post_id, user_id, like_type) values (6, 92, 4);
insert into posts_likes (post_id, user_id, like_type) values (51, 14, 1);
insert into posts_likes (post_id, user_id, like_type) values (2, 36, 4);
insert into posts_likes (post_id, user_id, like_type) values (92, 83, 1);
insert into posts_likes (post_id, user_id, like_type) values (86, 62, 7);
insert into posts_likes (post_id, user_id, like_type) values (59, 100, 3);
insert into posts_likes (post_id, user_id, like_type) values (66, 89, 4);
insert into posts_likes (post_id, user_id, like_type) values (45, 88, 5);
insert into posts_likes (post_id, user_id, like_type) values (42, 41, 7);
insert into posts_likes (post_id, user_id, like_type) values (12, 53, 8);
insert into posts_likes (post_id, user_id, like_type) values (39, 97, 8);
insert into posts_likes (post_id, user_id, like_type) values (17, 45, 8);
insert into posts_likes (post_id, user_id, like_type) values (40, 26, 2);
insert into posts_likes (post_id, user_id, like_type) values (73, 1, 4);
insert into posts_likes (post_id, user_id, like_type) values (95, 58, 1);
insert into posts_likes (post_id, user_id, like_type) values (12, 85, 9);
insert into posts_likes (post_id, user_id, like_type) values (6, 91, 1);
insert into posts_likes (post_id, user_id, like_type) values (60, 3, 2);
insert into posts_likes (post_id, user_id, like_type) values (10, 57, 8);
insert into posts_likes (post_id, user_id, like_type) values (18, 67, 1);
insert into posts_likes (post_id, user_id, like_type) values (18, 45, 6);
insert into posts_likes (post_id, user_id, like_type) values (70, 51, 3);
insert into posts_likes (post_id, user_id, like_type) values (46, 73, 3);
insert into posts_likes (post_id, user_id, like_type) values (5, 49, 9);
insert into posts_likes (post_id, user_id, like_type) values (50, 15, 1);
insert into posts_likes (post_id, user_id, like_type) values (52, 38, 10);
insert into posts_likes (post_id, user_id, like_type) values (45, 24, 7);
insert into posts_likes (post_id, user_id, like_type) values (54, 89, 5);
insert into posts_likes (post_id, user_id, like_type) values (50, 53, 2);
insert into posts_likes (post_id, user_id, like_type) values (27, 82, 1);
insert into posts_likes (post_id, user_id, like_type) values (35, 6, 2);
insert into posts_likes (post_id, user_id, like_type) values (99, 42, 9);
insert into posts_likes (post_id, user_id, like_type) values (100, 2, 7);
insert into posts_likes (post_id, user_id, like_type) values (37, 74, 5);
insert into posts_likes (post_id, user_id, like_type) values (77, 70, 4);
insert into posts_likes (post_id, user_id, like_type) values (21, 36, 10);
insert into posts_likes (post_id, user_id, like_type) values (16, 78, 9);
insert into posts_likes (post_id, user_id, like_type) values (40, 22, 7);
insert into posts_likes (post_id, user_id, like_type) values (89, 44, 7);
insert into posts_likes (post_id, user_id, like_type) values (2, 63, 1);
insert into posts_likes (post_id, user_id, like_type) values (1, 61, 5);
insert into posts_likes (post_id, user_id, like_type) values (82, 81, 10);
insert into posts_likes (post_id, user_id, like_type) values (53, 74, 10);
insert into posts_likes (post_id, user_id, like_type) values (68, 59, 10);
insert into posts_likes (post_id, user_id, like_type) values (17, 66, 9);
insert into posts_likes (post_id, user_id, like_type) values (62, 96, 6);
insert into posts_likes (post_id, user_id, like_type) values (58, 72, 4);
insert into posts_likes (post_id, user_id, like_type) values (98, 10, 7);
insert into posts_likes (post_id, user_id, like_type) values (63, 42, 3);
insert into posts_likes (post_id, user_id, like_type) values (61, 7, 10);
insert into posts_likes (post_id, user_id, like_type) values (12, 83, 7);
insert into posts_likes (post_id, user_id, like_type) values (45, 7, 4);
insert into posts_likes (post_id, user_id, like_type) values (68, 49, 6);
insert into posts_likes (post_id, user_id, like_type) values (56, 34, 1);
insert into posts_likes (post_id, user_id, like_type) values (60, 80, 4);
insert into posts_likes (post_id, user_id, like_type) values (48, 33, 6);
insert into posts_likes (post_id, user_id, like_type) values (47, 24, 3);
insert into posts_likes (post_id, user_id, like_type) values (100, 3, 8);
insert into posts_likes (post_id, user_id, like_type) values (57, 99, 9);
insert into posts_likes (post_id, user_id, like_type) values (8, 13, 1);
insert into posts_likes (post_id, user_id, like_type) values (50, 33, 8);
insert into posts_likes (post_id, user_id, like_type) values (59, 36, 7);
insert into posts_likes (post_id, user_id, like_type) values (68, 40, 9);
insert into posts_likes (post_id, user_id, like_type) values (6, 40, 4);
insert into posts_likes (post_id, user_id, like_type) values (2, 75, 6);
insert into posts_likes (post_id, user_id, like_type) values (86, 4, 7);
insert into posts_likes (post_id, user_id, like_type) values (100, 8, 2);
insert into posts_likes (post_id, user_id, like_type) values (77, 27, 5);
insert into posts_likes (post_id, user_id, like_type) values (34, 32, 6);
insert into posts_likes (post_id, user_id, like_type) values (24, 12, 1);
insert into posts_likes (post_id, user_id, like_type) values (4, 32, 8);
insert into posts_likes (post_id, user_id, like_type) values (57, 27, 10);
insert into posts_likes (post_id, user_id, like_type) values (37, 59, 7);
insert into posts_likes (post_id, user_id, like_type) values (71, 82, 6);
insert into posts_likes (post_id, user_id, like_type) values (87, 27, 4);
insert into posts_likes (post_id, user_id, like_type) values (24, 18, 4);
insert into posts_likes (post_id, user_id, like_type) values (57, 64, 10);
insert into posts_likes (post_id, user_id, like_type) values (48, 1, 2);
insert into posts_likes (post_id, user_id, like_type) values (47, 29, 8);
insert into posts_likes (post_id, user_id, like_type) values (56, 44, 3);
insert into posts_likes (post_id, user_id, like_type) values (13, 72, 6);
insert into posts_likes (post_id, user_id, like_type) values (49, 84, 1);
insert into posts_likes (post_id, user_id, like_type) values (49, 1, 7);
insert into posts_likes (post_id, user_id, like_type) values (15, 46, 1);
insert into posts_likes (post_id, user_id, like_type) values (61, 89, 2);
insert into posts_likes (post_id, user_id, like_type) values (6, 58, 4);
insert into posts_likes (post_id, user_id, like_type) values (93, 92, 7);
insert into posts_likes (post_id, user_id, like_type) values (62, 55, 1);
insert into posts_likes (post_id, user_id, like_type) values (39, 68, 4);
insert into posts_likes (post_id, user_id, like_type) values (18, 38, 5);
insert into posts_likes (post_id, user_id, like_type) values (28, 98, 6);
insert into posts_likes (post_id, user_id, like_type) values (79, 36, 6);
insert into posts_likes (post_id, user_id, like_type) values (46, 39, 4);
insert into posts_likes (post_id, user_id, like_type) values (79, 4, 5);
insert into posts_likes (post_id, user_id, like_type) values (98, 37, 9);
insert into posts_likes (post_id, user_id, like_type) values (42, 84, 5);
insert into posts_likes (post_id, user_id, like_type) values (13, 82, 4);
insert into posts_likes (post_id, user_id, like_type) values (39, 72, 7);
insert into posts_likes (post_id, user_id, like_type) values (65, 62, 10);
insert into posts_likes (post_id, user_id, like_type) values (54, 53, 2);
insert into posts_likes (post_id, user_id, like_type) values (82, 74, 10);
insert into posts_likes (post_id, user_id, like_type) values (100, 84, 3);
insert into posts_likes (post_id, user_id, like_type) values (92, 88, 5);
insert into posts_likes (post_id, user_id, like_type) values (74, 77, 7);
insert into posts_likes (post_id, user_id, like_type) values (86, 62, 1);
insert into posts_likes (post_id, user_id, like_type) values (84, 100, 10);
insert into posts_likes (post_id, user_id, like_type) values (67, 59, 1);
insert into posts_likes (post_id, user_id, like_type) values (81, 80, 2);
insert into posts_likes (post_id, user_id, like_type) values (31, 87, 3);
insert into posts_likes (post_id, user_id, like_type) values (56, 44, 3);
insert into posts_likes (post_id, user_id, like_type) values (83, 34, 9);
insert into posts_likes (post_id, user_id, like_type) values (58, 25, 5);
insert into posts_likes (post_id, user_id, like_type) values (28, 41, 3);
insert into posts_likes (post_id, user_id, like_type) values (58, 81, 6);
insert into posts_likes (post_id, user_id, like_type) values (78, 83, 4);
insert into posts_likes (post_id, user_id, like_type) values (76, 87, 5);
insert into posts_likes (post_id, user_id, like_type) values (31, 90, 3);
insert into posts_likes (post_id, user_id, like_type) values (47, 53, 3);
insert into posts_likes (post_id, user_id, like_type) values (94, 65, 8);
insert into posts_likes (post_id, user_id, like_type) values (12, 18, 1);
insert into posts_likes (post_id, user_id, like_type) values (77, 35, 4);
insert into posts_likes (post_id, user_id, like_type) values (56, 72, 6);
insert into posts_likes (post_id, user_id, like_type) values (33, 38, 4);
insert into posts_likes (post_id, user_id, like_type) values (86, 36, 8);
insert into posts_likes (post_id, user_id, like_type) values (68, 77, 2);
insert into posts_likes (post_id, user_id, like_type) values (10, 48, 5);
insert into posts_likes (post_id, user_id, like_type) values (84, 50, 10);
insert into posts_likes (post_id, user_id, like_type) values (15, 77, 3);
insert into posts_likes (post_id, user_id, like_type) values (16, 95, 2);
insert into posts_likes (post_id, user_id, like_type) values (20, 81, 10);
insert into posts_likes (post_id, user_id, like_type) values (94, 21, 4);
insert into posts_likes (post_id, user_id, like_type) values (2, 50, 3);
insert into posts_likes (post_id, user_id, like_type) values (36, 44, 4);
insert into posts_likes (post_id, user_id, like_type) values (31, 2, 6);
insert into posts_likes (post_id, user_id, like_type) values (6, 4, 5);
insert into posts_likes (post_id, user_id, like_type) values (50, 19, 9);
insert into posts_likes (post_id, user_id, like_type) values (32, 90, 1);
insert into posts_likes (post_id, user_id, like_type) values (39, 66, 5);
insert into posts_likes (post_id, user_id, like_type) values (12, 80, 7);
insert into posts_likes (post_id, user_id, like_type) values (9, 97, 3);
insert into posts_likes (post_id, user_id, like_type) values (86, 42, 5);
insert into posts_likes (post_id, user_id, like_type) values (63, 67, 1);
insert into posts_likes (post_id, user_id, like_type) values (25, 78, 5);
insert into posts_likes (post_id, user_id, like_type) values (70, 22, 3);
insert into posts_likes (post_id, user_id, like_type) values (11, 8, 9);
insert into posts_likes (post_id, user_id, like_type) values (98, 46, 4);
insert into posts_likes (post_id, user_id, like_type) values (33, 35, 8);
insert into posts_likes (post_id, user_id, like_type) values (92, 26, 3);
insert into posts_likes (post_id, user_id, like_type) values (78, 9, 3);
insert into posts_likes (post_id, user_id, like_type) values (61, 54, 7);
insert into posts_likes (post_id, user_id, like_type) values (18, 59, 4);
insert into posts_likes (post_id, user_id, like_type) values (11, 72, 8);
insert into posts_likes (post_id, user_id, like_type) values (40, 14, 6);
insert into posts_likes (post_id, user_id, like_type) values (41, 50, 3);
insert into posts_likes (post_id, user_id, like_type) values (63, 46, 6);
insert into posts_likes (post_id, user_id, like_type) values (23, 93, 9);
insert into posts_likes (post_id, user_id, like_type) values (50, 52, 3);
insert into posts_likes (post_id, user_id, like_type) values (3, 49, 6);
insert into posts_likes (post_id, user_id, like_type) values (7, 94, 8);
insert into posts_likes (post_id, user_id, like_type) values (16, 76, 3);
insert into posts_likes (post_id, user_id, like_type) values (12, 75, 4);
insert into posts_likes (post_id, user_id, like_type) values (66, 36, 8);
insert into posts_likes (post_id, user_id, like_type) values (12, 11, 2);
insert into posts_likes (post_id, user_id, like_type) values (6, 27, 7);
insert into posts_likes (post_id, user_id, like_type) values (18, 25, 2);
insert into posts_likes (post_id, user_id, like_type) values (65, 67, 8);
insert into posts_likes (post_id, user_id, like_type) values (94, 97, 3);
insert into posts_likes (post_id, user_id, like_type) values (40, 1, 5);
insert into posts_likes (post_id, user_id, like_type) values (37, 42, 3);
insert into posts_likes (post_id, user_id, like_type) values (41, 41, 8);
insert into posts_likes (post_id, user_id, like_type) values (44, 97, 3);
insert into posts_likes (post_id, user_id, like_type) values (98, 38, 7);
insert into posts_likes (post_id, user_id, like_type) values (62, 33, 10);
insert into posts_likes (post_id, user_id, like_type) values (69, 79, 2);
insert into posts_likes (post_id, user_id, like_type) values (44, 39, 4);
insert into posts_likes (post_id, user_id, like_type) values (76, 92, 3);
insert into posts_likes (post_id, user_id, like_type) values (33, 53, 5);
